total_energy_consumption,ensemble_size,input_file_length,image_height,image_width,ensemble_accuracy,ensemble_confidence,ensemble_avg_response_time,ensemble_max_response_time,ensemble_contribution,reward,action,distribution_weights,models
3.432164867249682e-05,1,14,224,224,1.0,0.970395565032959,0.0567749114682056,0.056774911468205486,0.970395565032959,1.0,5,"[1.0, 1.0, 1.0, 1.0, 1.0, 0.0, 0.0, 0.0, 0.0, 0.0, 0.0, 0.0, 0.0, 0.0, 0.0, 0.0, 0.0, 0.0, 0.0, 0.0]",['MobileNetV2']
3.432164867249682e-05,1,15,224,224,1.0,0.9376750588417053,0.022845727341749292,0.022845727341749323,0.9376750588417053,1.0,6,"[1.0, 1.0, 1.0, 1.0, 1.0, 0.0, 0.0, 0.0, 0.0, 0.0, 0.0, 0.0, 0.0, 0.0, 0.0, 0.0, 0.0, 0.0, 0.0, 0.0]",['MobileNetV2']
3.432164867249682e-05,1,15,224,224,1.0,0.8764837980270386,0.038197353455158733,0.038197353455158733,0.8764837980270386,1.0,5,"[1.0, 1.0, 1.0, 1.0, 1.0, 0.0, 0.0, 0.0, 0.0, 0.0, 0.0, 0.0, 0.0, 0.0, 0.0, 0.0, 0.0, 0.0, 0.0, 0.0]",['MobileNetV2']
0.0005728913335178048,2,14,224,224,1.0,0.8939199149608612,1.1480947983381637,1.1480947983381624,0.913300633430481,1.0,1,"[1.0, 1.0, 1.0, 1.0, 1.0, 0.0, 0.0, 0.0, 0.0, 0.0, 0.0, 0.0, 0.0, 0.0, 0.0, 0.0, 0.0, 0.0, 0.0, 0.0]","['EfficientNetV2S', 'MobileNetV2']"
0.0005728913335178048,2,15,224,224,1.0,0.9005177319049835,1.1754343041095856,1.175434304109584,0.9185271263122559,1.0,2,"[1.0, 1.0, 1.0, 1.0, 1.0, 0.0, 0.0, 0.0, 0.0, 0.0, 0.0, 0.0, 0.0, 0.0, 0.0, 0.0, 0.0, 0.0, 0.0, 0.0]","['EfficientNetV2S', 'MobileNetV2']"
0.0005728913335178048,2,15,224,224,1.0,0.9350906610488892,1.1670394788988963,1.1670394788988938,0.9531413912773132,1.0,10,"[1.0, 1.0, 1.0, 1.0, 1.0, 0.0, 0.0, 0.0, 0.0, 0.0, 0.0, 0.0, 0.0, 0.0, 0.0, 0.0, 0.0, 0.0, 0.0, 0.0]","['EfficientNetV2S', 'MobileNetV2']"
0.000538569684845308,1,15,224,224,1.0,0.8214523196220398,1.1213341701976274,1.121334170197627,0.8214523196220398,1.0,7,"[1.0, 1.0, 1.0, 1.0, 1.0, 0.0, 0.0, 0.0, 0.0, 0.0, 0.0, 0.0, 0.0, 0.0, 0.0, 0.0, 0.0, 0.0, 0.0, 0.0]",['EfficientNetV2S']
0.000538569684845308,1,14,224,224,1.0,0.8613471388816833,1.157824954982456,1.1578249549824544,0.8613471388816833,1.0,6,"[1.0, 1.0, 1.0, 1.0, 1.0, 0.0, 0.0, 0.0, 0.0, 0.0, 0.0, 0.0, 0.0, 0.0, 0.0, 0.0, 0.0, 0.0, 0.0, 0.0]",['EfficientNetV2S']
0.000538569684845308,1,14,224,224,1.0,0.9330771565437317,1.1347135073832069,1.1347135073832046,0.9330771565437317,1.0,10,"[1.0, 1.0, 1.0, 1.0, 1.0, 0.0, 0.0, 0.0, 0.0, 0.0, 0.0, 0.0, 0.0, 0.0, 0.0, 0.0, 0.0, 0.0, 0.0, 0.0]",['EfficientNetV2S']
0.000538569684845308,1,14,224,224,1.0,0.9146032333374023,1.1373423363769068,1.1373423363769086,0.9146032333374023,1.0,5,"[1.0, 1.0, 1.0, 1.0, 1.0, 0.0, 0.0, 0.0, 0.0, 0.0, 0.0, 0.0, 0.0, 0.0, 0.0, 0.0, 0.0, 0.0, 0.0, 0.0]",['EfficientNetV2S']
0.000538569684845308,1,15,224,224,1.0,0.9341176152229309,1.1583697239881585,1.1583697239881576,0.9341176152229309,1.0,7,"[1.0, 1.0, 1.0, 1.0, 1.0, 0.0, 0.0, 0.0, 0.0, 0.0, 0.0, 0.0, 0.0, 0.0, 0.0, 0.0, 0.0, 0.0, 0.0, 0.0]",['EfficientNetV2S']
0.0037023952996044084,2,15,224,224,1.0,0.9119848012924194,3.848244888476259,3.84824488847626,0.9267022609710693,1.0,3,"[1.0, 1.0, 1.0, 1.0, 1.0, 0.0, 0.0, 0.0, 0.0, 0.0, 0.0, 0.0, 0.0, 0.0, 0.0, 0.0, 0.0, 0.0, 0.0, 0.0]","['EfficientNetV2S', 'NASNetLarge']"
0.004313228713191459,3,14,224,224,1.0,0.9437289039293933,3.8155846020536193,3.8155846020536197,0.9993676543235779,1.0,4,"[1.0, 1.0, 1.0, 1.0, 1.0, 0.0, 0.0, 0.0, 0.0, 0.0, 0.0, 0.0, 0.0, 0.0, 0.0, 0.0, 0.0, 0.0, 0.0, 0.0]","['EfficientNetV2S', 'NASNetLarge', 'ResNet50']"
0.004313228713191459,3,14,224,224,1.0,0.9469433625539135,3.8439333218848155,3.8439333218848115,0.9992600083351135,1.0,3,"[1.0, 1.0, 1.0, 1.0, 1.0, 0.0, 0.0, 0.0, 0.0, 0.0, 0.0, 0.0, 0.0, 0.0, 0.0, 0.0, 0.0, 0.0, 0.0, 0.0]","['EfficientNetV2S', 'NASNetLarge', 'ResNet50']"
0.004313228713191459,3,15,224,224,1.0,0.7997873028119403,3.793284029769113,3.7932840297691177,0.8507970571517944,1.0,5,"[1.0, 1.0, 1.0, 1.0, 1.0, 0.0, 0.0, 0.0, 0.0, 0.0, 0.0, 0.0, 0.0, 0.0, 0.0, 0.0, 0.0, 0.0, 0.0, 0.0]","['EfficientNetV2S', 'NASNetLarge', 'ResNet50']"
0.004313228713191459,3,14,224,224,1.0,0.9039961993694305,3.8212164746464636,3.8212164746464694,0.9134284257888794,1.0,4,"[1.0, 1.0, 1.0, 1.0, 1.0, 0.0, 0.0, 0.0, 0.0, 0.0, 0.0, 0.0, 0.0, 0.0, 0.0, 0.0, 0.0, 0.0, 0.0, 0.0]","['EfficientNetV2S', 'NASNetLarge', 'ResNet50']"
0.0037746590283461506,2,14,224,224,1.0,0.8914336562156677,3.814650840369831,3.814650840369822,0.8914336562156677,1.0,6,"[1.0, 1.0, 1.0, 1.0, 1.0, 0.0, 0.0, 0.0, 0.0, 0.0, 0.0, 0.0, 0.0, 0.0, 0.0, 0.0, 0.0, 0.0, 0.0, 0.0]","['NASNetLarge', 'ResNet50']"
0.0006108334135870502,1,15,224,224,1.0,0.5838454365730286,0.42065451547168986,0.4206545154716905,0.5838454365730286,1.0,8,"[1.0, 1.0, 1.0, 1.0, 1.0, 0.0, 0.0, 0.0, 0.0, 0.0, 0.0, 0.0, 0.0, 0.0, 0.0, 0.0, 0.0, 0.0, 0.0, 0.0]",['ResNet50']
0.0006108334135870502,1,15,224,224,1.0,0.999439537525177,0.42499714178073594,0.42499714178073605,0.999439537525177,1.0,10,"[1.0, 1.0, 1.0, 1.0, 1.0, 0.0, 0.0, 0.0, 0.0, 0.0, 0.0, 0.0, 0.0, 0.0, 0.0, 0.0, 0.0, 0.0, 0.0, 0.0]",['ResNet50']
0.0006108334135870502,1,33,224,224,1.0,0.9999377727508545,0.42329670288512505,0.42329670288512544,0.9999377727508545,1.0,5,"[1.0, 1.0, 1.0, 1.0, 1.0, 0.0, 0.0, 0.0, 0.0, 0.0, 0.0, 0.0, 0.0, 0.0, 0.0, 0.0, 0.0, 0.0, 0.0, 0.0]",['ResNet50']
0.0006108334135870502,1,14,224,224,1.0,0.9852375388145447,0.4178652011395086,0.4178652011395094,0.9852375388145447,1.0,4,"[1.0, 1.0, 1.0, 1.0, 1.0, 0.0, 0.0, 0.0, 0.0, 0.0, 0.0, 0.0, 0.0, 0.0, 0.0, 0.0, 0.0, 0.0, 0.0, 0.0]",['ResNet50']
0.0006108334135870502,1,14,224,224,0.0,0.0,0.3924165703315971,0.39241657033159616,0.6188520193099976,-9.000000000000002,7,"[1.0, 1.0, 1.0, 1.0, 1.0, 0.0, 0.0, 0.0, 0.0, 0.0, 0.0, 0.0, 0.0, 0.0, 0.0, 0.0, 0.0, 0.0, 0.0, 0.0]",['ResNet50']
0.0006108334135870502,1,14,224,224,0.0,0.0,0.4094847049252435,0.4094847049252439,0.7435929179191589,-9.000000000000002,6,"[1.0, 1.0, 1.0, 1.0, 1.0, 0.0, 0.0, 0.0, 0.0, 0.0, 0.0, 0.0, 0.0, 0.0, 0.0, 0.0, 0.0, 0.0, 0.0, 0.0]",['ResNet50']
0.0006108334135870502,1,14,224,224,1.0,0.8613165020942688,0.41479995324366115,0.4147999532436614,0.8613165020942688,1.0,10,"[1.0, 1.0, 1.0, 1.0, 1.0, 0.0, 0.0, 0.0, 0.0, 0.0, 0.0, 0.0, 0.0, 0.0, 0.0, 0.0, 0.0, 0.0, 0.0, 0.0]",['ResNet50']
0.0007603392719857097,2,14,224,224,1.0,0.8738343417644501,0.4099017171810528,0.409901717181053,0.8823002576828003,1.0,0,"[1.0, 1.0, 1.0, 1.0, 1.0, 0.0, 0.0, 0.0, 0.0, 0.0, 0.0, 0.0, 0.0, 0.0, 0.0, 0.0, 0.0, 0.0, 0.0, 0.0]","['DenseNet121', 'ResNet50']"
0.0006108334135870502,1,14,224,224,0.0,0.0,0.4116190930867773,0.41161909308677724,0.0,-9.000000000000002,5,"[1.0, 1.0, 1.0, 1.0, 1.0, 0.0, 0.0, 0.0, 0.0, 0.0, 0.0, 0.0, 0.0, 0.0, 0.0, 0.0, 0.0, 0.0, 0.0, 0.0]",['ResNet50']
0.0006108334135870502,1,14,224,224,1.0,0.7707543969154358,0.4423264107476967,0.4423264107476963,0.7707543969154358,1.0,7,"[1.0, 1.0, 1.0, 1.0, 1.0, 0.0, 0.0, 0.0, 0.0, 0.0, 0.0, 0.0, 0.0, 0.0, 0.0, 0.0, 0.0, 0.0, 0.0, 0.0]",['ResNet50']
0.0006108334135870502,1,15,224,224,0.0,0.0,0.43931263861574865,0.439312638615749,0.5419357419013977,-9.000000000000002,10,"[1.0, 1.0, 1.0, 1.0, 1.0, 0.0, 0.0, 0.0, 0.0, 0.0, 0.0, 0.0, 0.0, 0.0, 0.0, 0.0, 0.0, 0.0, 0.0, 0.0]",['ResNet50']
0.0006108334135870502,1,14,224,224,0.0,0.0,0.41225179301655357,0.4122517930165537,0.0,-9.000000000000002,4,"[1.0, 1.0, 1.0, 1.0, 1.0, 0.0, 0.0, 0.0, 0.0, 0.0, 0.0, 0.0, 0.0, 0.0, 0.0, 0.0, 0.0, 0.0, 0.0, 0.0]",['ResNet50']
0.0006108334135870502,1,14,224,224,1.0,0.9989417195320129,0.3986313414004391,0.3986313414004397,0.9989417195320129,1.0,4,"[1.0, 1.0, 1.0, 1.0, 1.0, 0.0, 0.0, 0.0, 0.0, 0.0, 0.0, 0.0, 0.0, 0.0, 0.0, 0.0, 0.0, 0.0, 0.0, 0.0]",['ResNet50']
0.0006108334135870502,1,15,224,224,1.0,0.9994655251502991,0.42814181941096047,0.42814181941096024,0.9994655251502991,1.0,9,"[1.0, 1.0, 1.0, 1.0, 1.0, 0.0, 0.0, 0.0, 0.0, 0.0, 0.0, 0.0, 0.0, 0.0, 0.0, 0.0, 0.0, 0.0, 0.0, 0.0]",['ResNet50']
0.0006108334135870502,1,15,224,224,1.0,0.9636408090591431,0.39550324471144976,0.3955032447114505,0.9636408090591431,1.0,8,"[1.0, 1.0, 1.0, 1.0, 1.0, 0.0, 0.0, 0.0, 0.0, 0.0, 0.0, 0.0, 0.0, 0.0, 0.0, 0.0, 0.0, 0.0, 0.0, 0.0]",['ResNet50']
0.0006108334135870502,1,14,224,224,1.0,0.9993612170219421,0.41565416595294447,0.41565416595294524,0.9993612170219421,1.0,5,"[1.0, 1.0, 1.0, 1.0, 1.0, 0.0, 0.0, 0.0, 0.0, 0.0, 0.0, 0.0, 0.0, 0.0, 0.0, 0.0, 0.0, 0.0, 0.0, 0.0]",['ResNet50']
0.0006108334135870502,1,14,224,224,1.0,0.9825053215026855,0.4383877313060728,0.43838773130607345,0.9825053215026855,1.0,10,"[1.0, 1.0, 1.0, 1.0, 1.0, 0.0, 0.0, 0.0, 0.0, 0.0, 0.0, 0.0, 0.0, 0.0, 0.0, 0.0, 0.0, 0.0, 0.0, 0.0]",['ResNet50']
0.0006108334135870502,1,15,224,224,1.0,0.9996234178543091,0.40371851114390933,0.4037185111439093,0.9996234178543091,1.0,7,"[1.0, 1.0, 1.0, 1.0, 1.0, 0.0, 0.0, 0.0, 0.0, 0.0, 0.0, 0.0, 0.0, 0.0, 0.0, 0.0, 0.0, 0.0, 0.0, 0.0]",['ResNet50']
0.0006108334135870502,1,14,224,224,1.0,0.9815261363983154,0.45015579357354985,0.45015579357354873,0.9815261363983154,1.0,5,"[1.0, 1.0, 1.0, 1.0, 1.0, 0.0, 0.0, 0.0, 0.0, 0.0, 0.0, 0.0, 0.0, 0.0, 0.0, 0.0, 0.0, 0.0, 0.0, 0.0]",['ResNet50']
0.0006108334135870502,1,14,224,224,0.0,0.0,0.42259509101882736,0.4225950910188272,0.33183830976486206,-9.000000000000002,10,"[1.0, 1.0, 1.0, 1.0, 1.0, 0.0, 0.0, 0.0, 0.0, 0.0, 0.0, 0.0, 0.0, 0.0, 0.0, 0.0, 0.0, 0.0, 0.0, 0.0]",['ResNet50']
0.0037746590283461506,2,14,224,224,1.0,0.8741879761219025,3.8350637106819754,3.835063710681971,0.9155123233795166,1.0,3,"[1.0, 1.0, 1.0, 1.0, 1.0, 0.0, 0.0, 0.0, 0.0, 0.0, 0.0, 0.0, 0.0, 0.0, 0.0, 0.0, 0.0, 0.0, 0.0, 0.0]","['NASNetLarge', 'ResNet50']"
0.0037746590283461506,2,14,224,224,0.0,0.0,3.8652240121645463,3.8652240121645454,0.5721932053565979,-9.000000000000002,3,"[1.0, 1.0, 1.0, 1.0, 1.0, 0.0, 0.0, 0.0, 0.0, 0.0, 0.0, 0.0, 0.0, 0.0, 0.0, 0.0, 0.0, 0.0, 0.0, 0.0]","['NASNetLarge', 'ResNet50']"
0.0037746590283461506,2,15,224,224,1.0,0.8834402561187744,3.812034031110501,3.8120340311105054,0.9103659391403198,1.0,10,"[1.0, 1.0, 1.0, 1.0, 1.0, 0.0, 0.0, 0.0, 0.0, 0.0, 0.0, 0.0, 0.0, 0.0, 0.0, 0.0, 0.0, 0.0, 0.0, 0.0]","['NASNetLarge', 'ResNet50']"
0.0031638256147591003,1,14,224,224,1.0,0.7809238433837891,3.8544978482550647,3.854497848255067,0.7809238433837891,1.0,9,"[1.0, 1.0, 1.0, 1.0, 1.0, 0.0, 0.0, 0.0, 0.0, 0.0, 0.0, 0.0, 0.0, 0.0, 0.0, 0.0, 0.0, 0.0, 0.0, 0.0]",['NASNetLarge']
0.0037746590283461506,2,14,224,224,1.0,0.8684117197990417,3.8023428811608837,3.802342881160889,0.8938671350479126,1.0,4,"[1.0, 1.0, 1.0, 1.0, 1.0, 0.0, 0.0, 0.0, 0.0, 0.0, 0.0, 0.0, 0.0, 0.0, 0.0, 0.0, 0.0, 0.0, 0.0, 0.0]","['NASNetLarge', 'ResNet50']"
0.00392416488674481,3,14,224,224,1.0,0.9614681402842212,3.8074826955819234,3.8074826955819185,0.999866247177124,1.0,0,"[1.0, 1.0, 1.0, 1.0, 1.0, 0.0, 0.0, 0.0, 0.0, 0.0, 0.0, 0.0, 0.0, 0.0, 0.0, 0.0, 0.0, 0.0, 0.0, 0.0]","['DenseNet121', 'NASNetLarge', 'ResNet50']"
0.0007603392719857097,2,15,224,224,1.0,0.9983617663383484,0.4381717254379731,0.43817172543797317,0.9983617663383484,1.0,8,"[1.0, 1.0, 1.0, 1.0, 1.0, 0.0, 0.0, 0.0, 0.0, 0.0, 0.0, 0.0, 0.0, 0.0, 0.0, 0.0, 0.0, 0.0, 0.0, 0.0]","['DenseNet121', 'ResNet50']"
0.0007603392719857097,2,14,224,224,1.0,0.7314150333404541,0.44390576085780453,0.4439057608578046,0.7314150333404541,1.0,0,"[1.0, 1.0, 1.0, 1.0, 1.0, 0.0, 0.0, 0.0, 0.0, 0.0, 0.0, 0.0, 0.0, 0.0, 0.0, 0.0, 0.0, 0.0, 0.0, 0.0]","['DenseNet121', 'ResNet50']"
0.0007946609206582066,3,15,224,224,1.0,0.6901254057884216,0.4269311981998435,0.4269311981998432,0.7671404480934143,1.0,2,"[1.0, 1.0, 1.0, 1.0, 1.0, 0.0, 0.0, 0.0, 0.0, 0.0, 0.0, 0.0, 0.0, 0.0, 0.0, 0.0, 0.0, 0.0, 0.0, 0.0]","['DenseNet121', 'MobileNetV2', 'ResNet50']"
0.0007946609206582066,3,13,224,224,1.0,0.7931504249572754,0.40688916869249875,0.4068891686924986,0.7931504249572754,1.0,6,"[1.0, 1.0, 1.0, 1.0, 1.0, 0.0, 0.0, 0.0, 0.0, 0.0, 0.0, 0.0, 0.0, 0.0, 0.0, 0.0, 0.0, 0.0, 0.0, 0.0]","['DenseNet121', 'MobileNetV2', 'ResNet50']"
0.0013332306055035144,4,14,224,224,1.0,0.7494558915495872,1.1386789427682371,1.1386789427682367,0.9068241715431213,1.0,1,"[1.0, 1.0, 1.0, 1.0, 1.0, 0.0, 0.0, 0.0, 0.0, 0.0, 0.0, 0.0, 0.0, 0.0, 0.0, 0.0, 0.0, 0.0, 0.0, 0.0]","['DenseNet121', 'EfficientNetV2S', 'MobileNetV2', 'ResNet50']"
0.0013332306055035144,4,14,224,224,1.0,0.914216622710228,1.1433249910880503,1.1433249910880487,0.9978868365287781,1.0,10,"[1.0, 1.0, 1.0, 1.0, 1.0, 0.0, 0.0, 0.0, 0.0, 0.0, 0.0, 0.0, 0.0, 0.0, 0.0, 0.0, 0.0, 0.0, 0.0, 0.0]","['DenseNet121', 'EfficientNetV2S', 'MobileNetV2', 'ResNet50']"
0.0007946609206582066,3,15,224,224,0.0,0.0,0.4181220295982299,0.4181220295982297,0.42991170287132263,-9.000000000000002,6,"[1.0, 1.0, 1.0, 1.0, 1.0, 0.0, 0.0, 0.0, 0.0, 0.0, 0.0, 0.0, 0.0, 0.0, 0.0, 0.0, 0.0, 0.0, 0.0, 0.0]","['DenseNet121', 'MobileNetV2', 'ResNet50']"
0.0007946609206582066,3,15,224,224,1.0,0.9141297737757372,0.41451876585808356,0.41451876585808306,0.963716447353363,1.0,2,"[1.0, 1.0, 1.0, 1.0, 1.0, 0.0, 0.0, 0.0, 0.0, 0.0, 0.0, 0.0, 0.0, 0.0, 0.0, 0.0, 0.0, 0.0, 0.0, 0.0]","['DenseNet121', 'MobileNetV2', 'ResNet50']"
0.0007946609206582066,3,14,224,224,1.0,0.9980426828066519,0.40657235793606794,0.4065723579360673,0.9998611211776733,1.0,10,"[1.0, 1.0, 1.0, 1.0, 1.0, 0.0, 0.0, 0.0, 0.0, 0.0, 0.0, 0.0, 0.0, 0.0, 0.0, 0.0, 0.0, 0.0, 0.0, 0.0]","['DenseNet121', 'MobileNetV2', 'ResNet50']"
0.0007946609206582066,3,14,224,224,0.0,0.0,0.414077851214892,0.4140778512148928,0.3869256377220154,-9.000000000000002,0,"[1.0, 1.0, 1.0, 1.0, 1.0, 0.0, 0.0, 0.0, 0.0, 0.0, 0.0, 0.0, 0.0, 0.0, 0.0, 0.0, 0.0, 0.0, 0.0, 0.0]","['DenseNet121', 'MobileNetV2', 'ResNet50']"
0.003958486535417307,4,14,224,224,1.0,0.7291989028453827,3.8517312712666625,3.851731271266671,0.8974752426147461,1.0,3,"[1.0, 1.0, 1.0, 1.0, 1.0, 0.0, 0.0, 0.0, 0.0, 0.0, 0.0, 0.0, 0.0, 0.0, 0.0, 0.0, 0.0, 0.0, 0.0, 0.0]","['DenseNet121', 'MobileNetV2', 'NASNetLarge', 'ResNet50']"
0.00392416488674481,3,15,224,224,1.0,0.8743847608566284,3.8369346293916764,3.836934629391671,0.9079128503799438,1.0,7,"[1.0, 1.0, 1.0, 1.0, 1.0, 0.0, 0.0, 0.0, 0.0, 0.0, 0.0, 0.0, 0.0, 0.0, 0.0, 0.0, 0.0, 0.0, 0.0, 0.0]","['DenseNet121', 'NASNetLarge', 'ResNet50']"
