,label,accuracy,confidence,response_time,contribution
0,n01443537,1,0.7698290944099426,3.8222253190163964,0.7698290944099426
1,n01443537,1,0.9112346172332764,3.8283186106530116,0.9112346172332764
2,n01443537,1,0.9022012948989868,3.8413139925781015,0.9022012948989868
3,n01494475,1,0.8860125541687012,3.8102783684533224,0.8860125541687012
4,n01484850,1,0.8991680145263672,3.793416006133845,0.8991680145263672
5,n01440764,1,0.9192507266998291,3.8391724170589403,0.9192507266998291
6,n01440764,1,0.9319986701011658,3.8285463696055864,0.9319986701011658
7,n01443537,1,0.9014512896537781,3.8246435850869824,0.9014512896537781
8,n01484850,1,0.9110763669013977,3.8115746711975698,0.9110763669013977
9,n01494475,1,0.9062497019767761,3.820163992384255,0.9062497019767761
10,n01443537,1,0.8635584115982056,3.831936160669613,0.8635584115982056
11,n01440764,1,0.9045366644859314,3.7860281261886377,0.9045366644859314
12,n01494475,1,0.8850718140602112,3.843757265796294,0.8850718140602112
13,n01440764,1,0.9347527623176575,3.82118359514802,0.9347527623176575
14,n01443537,0,0.0,3.835378469491726,0.0
15,n01494475,1,0.8035470247268677,3.8033956324898117,0.8035470247268677
16,n01494475,1,0.8739372491836548,3.81211042392357,0.8739372491836548
17,n01494475,1,0.9129981398582458,3.781272874791156,0.9129981398582458
18,n01491361,1,0.8224673271179199,3.8113672807012944,0.8224673271179199
19,n01440764,1,0.9159148931503296,3.8030586237880537,0.9159148931503296
20,n01491361,1,0.8261970281600952,3.8216873412156813,0.8261970281600952
21,n01443537,1,0.9130808711051941,3.8007777570051906,0.9130808711051941
22,n01494475,1,0.9072548151016235,3.8251266930214958,0.9072548151016235
23,n01491361,0,0.0,3.8149522165489813,0.45658689737319946
24,n01491361,1,0.9140533208847046,3.7916848471603624,0.9140533208847046
25,n01440764,1,0.9229587912559509,3.8519818914067137,0.9229587912559509
26,n01494475,1,0.8739372491836548,3.815407129879845,0.8739372491836548
27,n01443537,1,0.9037695527076721,3.794224548835651,0.9037695527076721
28,n01494475,1,0.8892626166343689,3.8482241513547284,0.8892626166343689
29,n01494475,1,0.8821653127670288,3.864370218577802,0.8821653127670288
30,n01440764,1,0.934417188167572,3.782805203205832,0.934417188167572
31,n01491361,1,0.9023730754852295,3.8246505602765355,0.9023730754852295
32,n01443537,1,0.9139172434806824,3.819286354165295,0.9139172434806824
33,n01443537,1,0.9074997305870056,3.8457856000957102,0.9074997305870056
34,n01491361,1,0.8656343221664429,3.8365014428110937,0.8656343221664429
35,n01494475,1,0.9057053923606873,3.8365313875700053,0.9057053923606873
36,n01440764,1,0.9038370251655579,3.790106987107677,0.9038370251655579
37,n01491361,1,0.4287932515144348,3.8052583895011693,0.4287932515144348
38,n01443537,1,0.898608386516571,3.811583161072161,0.898608386516571
39,n01494475,1,0.9455686211585999,3.8291735939523273,0.9455686211585999
40,n01484850,1,0.8017072081565857,3.797655958999243,0.8017072081565857
41,n01484850,1,0.8019372224807739,3.8265041473337553,0.0
42,n01494475,1,0.9178134202957153,3.833993986973548,0.9178134202957153
43,n01491361,1,0.5544508695602417,3.8082330772121304,0.5544508695602417
44,n01484850,1,0.8991236686706543,3.7972011163039325,0.8991236686706543
45,n01494475,1,0.8856551051139832,3.860682877167886,0.8856551051139832
46,n01440764,1,0.9213792681694031,3.8016284702243,0.9213792681694031
47,n01440764,1,0.8983960747718811,3.8066961545145537,0.8983960747718811
48,n01484850,1,0.6699321866035461,3.8365417856169635,0.6699321866035461
49,n01491361,1,0.9168215394020081,3.815634690756452,0.9168215394020081
50,n01491361,1,0.9041197299957275,3.8414887737685106,0.9041197299957275
51,n01494475,1,0.8753528594970703,3.8437898759097435,0.8753528594970703
52,n01494475,1,0.8856282830238342,3.8296159746883722,0.8856282830238342
53,n01491361,1,0.8913684487342834,3.7883191939639294,0.0
54,n01443537,1,0.895624041557312,3.8380080276707678,0.895624041557312
55,n01484850,1,0.8254351019859314,3.8194732219540977,0.8254351019859314
56,n01494475,1,0.937641441822052,3.807703225269245,0.937641441822052
57,n01440764,1,0.93241947889328,3.8216383386535817,0.93241947889328
58,n01440764,1,0.9010516405105591,3.776114985862949,0.9010516405105591
59,n01440764,1,0.9109383225440979,3.8476694491535723,0.9109383225440979
60,n01440764,1,0.8910685181617737,3.8171044071930065,0.8910685181617737
61,n01491361,1,0.6279413104057312,3.787290846431522,0.0
62,n01440764,1,0.9136319756507874,3.7866806393010526,0.9136319756507874
63,n01494475,1,0.8604810833930969,3.8654156896594705,0.8604810833930969
64,n01443537,1,0.9063491225242615,3.806311933691341,0.9063491225242615
65,n01443537,1,0.8955321311950684,3.830366113468196,0.8955321311950684
66,n01443537,1,0.9010046124458313,3.7995835813002263,0.9010046124458313
67,n01491361,0,0.0,3.803960464013009,0.5738992691040039
68,n01491361,1,0.7601814270019531,3.797847139868454,0.7601814270019531
69,n01443537,1,0.9068983197212219,3.833615902112753,0.9068983197212219
70,n01494475,1,0.8444028496742249,3.818925908946911,0.8444028496742249
71,n01443537,1,0.9075009822845459,3.8084626317133092,0.9075009822845459
72,n01491361,1,0.896114706993103,3.8244317840119826,0.0
73,n01443537,1,0.9016226530075073,3.861457839339792,0.9016226530075073
74,n01440764,1,0.9349967837333679,3.8115641772470235,0.9349967837333679
75,n01491361,1,0.5268442034721375,3.8013383915309813,0.5268442034721375
76,n01484850,1,0.4864201843738556,3.807736364392521,0.0
77,n01440764,1,0.9020459651947021,3.818085233726977,0.9020459651947021
78,n01440764,1,0.9320238828659058,3.869531653674277,0.9320238828659058
79,n01491361,1,0.8854575753211975,3.8471621750079614,0.8854575753211975
80,n01491361,1,0.9047499299049377,3.8107128475104988,0.9047499299049377
81,n01440764,1,0.9223407506942749,3.8070060468488087,0.9223407506942749
82,n01484850,1,0.8898944854736328,3.842229480559477,0.8898944854736328
83,n01484850,0,0.0,3.8317505804005982,0.7927988767623901
84,n01443537,1,0.9112293720245361,3.794678832375901,0.9112293720245361
85,n01484850,1,0.9060915112495422,3.816229033982784,0.9060915112495422
86,n01494475,1,0.8900947570800781,3.788174695456536,0.8900947570800781
87,n01494475,1,0.8608698844909668,3.7837400370162997,0.8608698844909668
88,n01494475,1,0.907284677028656,3.825792816500918,0.907284677028656
89,n01494475,1,0.835197389125824,3.8304199418127505,0.835197389125824
90,n01443537,1,0.9021027088165283,3.813632399306932,0.9021027088165283
91,n01491361,1,0.9182617664337158,3.8453943268083015,0.9182617664337158
92,n01484850,1,0.8492058515548706,3.8326041290492436,0.8492058515548706
93,n01443537,1,0.8195382952690125,3.81073004695721,0.8195382952690125
94,n01494475,1,0.906050443649292,3.814463230407024,0.906050443649292
95,n01484850,1,0.9001286029815674,3.8218623056014867,0.9001286029815674
96,n01494475,1,0.9080349206924438,3.817724535869776,0.9080349206924438
97,n01484850,1,0.8479775190353394,3.7912049074353193,0.8479775190353394
98,n01440764,1,0.9223283529281616,3.795498945412675,0.9223283529281616
99,n01443537,1,0.9114827513694763,3.790563561950825,0.9114827513694763
100,n01491361,1,0.9080390334129333,3.8031598261114725,0.9080390334129333
101,n01443537,1,0.9131460785865784,3.796383032880133,0.9131460785865784
102,n01484850,1,0.8928475379943848,3.6580967638795427,0.8928475379943848
103,n01443537,1,0.9107180237770081,3.8251025486069925,0.9107180237770081
104,n01494475,1,0.9115580320358276,3.8302809075329947,0.9115580320358276
105,n01491361,1,0.8992779850959778,3.8189955210081,0.8992779850959778
106,n01440764,1,0.9232960343360901,3.8308883837577032,0.9232960343360901
107,n01443537,1,0.7210112810134888,3.83736392145547,0.7210112810134888
108,n01484850,1,0.8956016302108765,3.812343889107933,0.8956016302108765
109,n01443537,1,0.8951246738433838,3.7810472336604763,0.8951246738433838
110,n01440764,1,0.8941850066184998,3.848893634352029,0.8941850066184998
111,n01491361,1,0.8771994113922119,3.838911762960842,0.8771994113922119
112,n01443537,1,0.9047278165817261,3.8063031964914082,0.9047278165817261
113,n01484850,1,0.9069621562957764,3.824156691690798,0.9069621562957764
114,n01440764,1,0.9029459357261658,3.8147482318019112,0.9029459357261658
115,n01484850,1,0.9009066224098206,3.800036032187341,0.9009066224098206
116,n01494475,0,0.0,3.807110160486456,0.6855788230895996
117,n01494475,1,0.7183470129966736,3.785094560978056,0.0
118,n01494475,1,0.891372799873352,3.8234141313343915,0.891372799873352
119,n01443537,1,0.9295171499252319,3.8320787391101296,0.9295171499252319
120,n01494475,1,0.8969894051551819,3.7845489200809292,0.8969894051551819
121,n01440764,1,0.9378384947776794,3.8342258208296607,0.9378384947776794
122,n01494475,1,0.8972362279891968,3.8006877549941493,0.8972362279891968
123,n01484850,1,0.8522075414657593,3.7955198726848254,0.8522075414657593
124,n01494475,1,0.9036827087402344,3.8061821992638256,0.9036827087402344
125,n01443537,1,0.9215506315231323,3.817778707636938,0.9215506315231323
126,n01494475,1,0.904761552810669,3.821504054057959,0.904761552810669
127,n01484850,1,0.8923506140708923,3.820258174421686,0.8923506140708923
128,n01484850,1,0.3871268928050995,3.822095036863336,0.3871268928050995
129,n01484850,1,0.9270497560501099,3.846260924216957,0.9270497560501099
130,n01484850,1,0.913773775100708,3.8239913129035616,0.913773775100708
131,n01491361,1,0.8706476092338562,3.7947455606038423,0.8706476092338562
132,n01484850,1,0.9480968117713928,3.8067589878826693,0.9480968117713928
133,n01443537,1,0.908405601978302,3.8103488032787913,0.908405601978302
134,n01494475,1,0.5052745938301086,3.827244541286556,0.5052745938301086
135,n01491361,1,0.894486129283905,3.8363106091132027,0.894486129283905
136,n01494475,1,0.9258694648742676,3.849133080262102,0.9258694648742676
137,n01491361,1,0.6399601697921753,3.779838246161391,0.6399601697921753
138,n01494475,1,0.928007185459137,3.8043576151620835,0.928007185459137
139,n01440764,1,0.9364469051361084,3.8375533866906784,0.9364469051361084
140,n01443537,1,0.8850874304771423,3.8233182415506266,0.8850874304771423
141,n01440764,1,0.8290320634841919,3.8194999125315174,0.8290320634841919
142,n01443537,0,0.0,3.8548932521186443,0.0
143,n01491361,0,0.0,3.8098674825350933,0.5756595730781555
144,n01484850,1,0.891665518283844,3.81407407207397,0.891665518283844
145,n01440764,1,0.8628748059272766,3.8395339022868398,0.8628748059272766
146,n01443537,1,0.9181920289993286,3.806146201599024,0.9181920289993286
147,n01443537,1,0.8837583065032959,3.818327346362153,0.8837583065032959
148,n01491361,1,0.8855943083763123,3.771638552562529,0.8855943083763123
149,n01491361,1,0.9089963436126709,3.8036561133258746,0.9089963436126709
150,n01484850,1,0.9044671654701233,3.806827184354733,0.9044671654701233
151,n01440764,1,0.9109728932380676,3.7765058881539386,0.9109728932380676
152,n01484850,1,0.9303385615348816,3.8050941273852543,0.9303385615348816
153,n01440764,1,0.9124730825424194,3.828577919044712,0.9124730825424194
154,n01443537,1,0.9025827050209045,3.800217493670803,0.9025827050209045
155,n01443537,1,0.8828127980232239,3.8167051260763554,0.8828127980232239
156,n01484850,1,0.8766534924507141,3.8085743668788825,0.8766534924507141
157,n01443537,1,0.891636848449707,3.8136292220155945,0.891636848449707
158,n01443537,1,0.895624041557312,3.8207354392278092,0.895624041557312
159,n01443537,1,0.7708681225776672,3.772809088927919,0.7708681225776672
160,n01491361,1,0.9020324945449829,3.8034444367515348,0.9020324945449829
161,n01491361,1,0.9082211852073669,3.8222566715643067,0.9082211852073669
162,n01484850,1,0.37780749797821045,3.846560358816087,0.37780749797821045
163,n01491361,0,0.0,3.836269861266353,0.8638975620269775
164,n01484850,1,0.8754528164863586,3.831745272540027,0.8754528164863586
165,n01484850,1,0.9055704474449158,3.8016547079244054,0.9055704474449158
166,n01440764,1,0.9333493709564209,3.826504882998056,0.9333493709564209
167,n01494475,1,0.8788729906082153,3.6093563757727005,0.8788729906082153
168,n01443537,1,0.9262415170669556,3.8148959140773533,0.9262415170669556
169,n01494475,1,0.9115580320358276,3.794606877205759,0.9115580320358276
170,n01440764,1,0.9129644632339478,3.796086259545907,0.9129644632339478
171,n01494475,1,0.9238930344581604,3.8075197180804596,0.9238930344581604
172,n01494475,1,0.9010567665100098,3.842418736824,0.9010567665100098
173,n01494475,1,0.8574143648147583,3.817999729374349,0.8574143648147583
174,n01484850,0,0.0,3.7855437058125783,0.6148732900619507
175,n01484850,1,0.928813636302948,3.7995027926447036,0.928813636302948
176,n01491361,1,0.7418326139450073,3.8379867370491008,0.7418326139450073
177,n01484850,1,0.8483889102935791,3.784228504415307,0.8483889102935791
178,n01440764,1,0.8437030911445618,3.8247896846016927,0.8437030911445618
179,n01491361,1,0.6768388748168945,3.7909551649071487,0.0
180,n01443537,1,0.8218960165977478,3.84916571879426,0.8218960165977478
181,n01440764,1,0.8941850066184998,3.835431455793122,0.8941850066184998
182,n01491361,1,0.9053276181221008,3.832055699250171,0.9053276181221008
183,n01443537,1,0.9038224220275879,3.8043000117636723,0.9038224220275879
184,n01484850,1,0.8114413619041443,3.82073022346382,0.8114413619041443
185,n01440764,1,0.5155636668205261,3.7540322354888658,0.5155636668205261
186,n01494475,1,0.9369507431983948,3.8118280335637085,0.9369507431983948
187,n01484850,1,0.900409460067749,3.7999090335703665,0.900409460067749
188,n01443537,1,0.9007090926170349,3.856623662603394,0.9007090926170349
189,n01494475,1,0.8744765520095825,3.832829436855247,0.8744765520095825
190,n01491361,1,0.9016053080558777,3.845290291624896,0.9016053080558777
191,n01440764,1,0.9220438003540039,3.8140768691922333,0.9220438003540039
192,n01443537,1,0.9005664587020874,3.827123675487238,0.9005664587020874
193,n01494475,0,0.0,3.810784595054081,0.0
194,n01494475,1,0.883979082107544,3.7678488359917384,0.883979082107544
195,n01443537,1,0.8895677924156189,3.8051156173815737,0.8895677924156189
196,n01491361,1,0.8946894407272339,3.8222715919320884,0.8946894407272339
197,n01440764,1,0.9129942655563354,3.802345882490856,0.9129942655563354
198,n01440764,1,0.8960699439048767,3.831321517283757,0.8960699439048767
199,n01494475,1,0.8894175291061401,3.7681518250325254,0.8894175291061401
200,n01491361,1,0.8726164698600769,3.7901773771760183,0.8726164698600769
201,n01440764,1,0.9182440042495728,3.639285825663889,0.9182440042495728
202,n01484850,1,0.9000599980354309,3.8260542436188696,0.9000599980354309
203,n01440764,1,0.925151526927948,3.7997538477851225,0.925151526927948
204,n01440764,1,0.8867111206054688,3.8267065345329336,0.8867111206054688
205,n01443537,1,0.8797739148139954,3.8088236363125203,0.8797739148139954
206,n01484850,1,0.9271465539932251,3.809200733109659,0.9271465539932251
207,n01440764,1,0.9221639037132263,3.791093999141947,0.9221639037132263
208,n01491361,0,0.0,3.789552980892407,0.0
209,n01484850,1,0.917798638343811,3.7893800528620454,0.917798638343811
210,n01491361,1,0.8883819580078125,3.792079903909898,0.8883819580078125
211,n01484850,1,0.9007241725921631,3.8481112766271974,0.9007241725921631
212,n01484850,1,0.9179512858390808,3.844236084202896,0.9179512858390808
213,n01484850,1,0.8971143960952759,3.8354380793130254,0.8971143960952759
214,n01440764,1,0.9324257373809814,3.8221716641277186,0.9324257373809814
215,n01440764,1,0.9209734797477722,3.8099494087839703,0.9209734797477722
216,n01440764,1,0.6439730525016785,3.80721960462175,0.6439730525016785
217,n01440764,1,0.915920078754425,3.8425699896981254,0.915920078754425
218,n01443537,1,0.8845701813697815,3.799187542772205,0.8845701813697815
219,n01494475,1,0.8983033299446106,3.794632789566205,0.8983033299446106
220,n01443537,1,0.8723458647727966,3.8378550448493507,0.8723458647727966
221,n01491361,1,0.9295744299888611,3.711282766759273,0.9295744299888611
222,n01484850,1,0.9247055649757385,3.814312193224118,0.9247055649757385
223,n01484850,1,0.9179512858390808,3.7961554368749364,0.9179512858390808
224,n01494475,1,0.9675719738006592,3.794728248619614,0.9675719738006592
225,n01440764,1,0.9063466191291809,3.7821221061575567,0.9063466191291809
226,n01484850,0,0.0,3.8237261948962424,0.0
227,n01484850,1,0.9236569404602051,3.869697601025097,0.9236569404602051
228,n01443537,1,0.9064510464668274,3.795649546369062,0.9064510464668274
229,n01440764,1,0.9318369626998901,3.792078427821962,0.9318369626998901
230,n01443537,1,0.7061014771461487,3.918533243868037,0.7061014771461487
231,n01440764,1,0.6678161025047302,3.816702198664702,0.6678161025047302
232,n01491361,1,0.6655370593070984,3.8463056894151473,0.6655370593070984
233,n01443537,1,0.8772363662719727,3.8046428242362187,0.8772363662719727
234,n01494475,1,0.809662401676178,3.814085822396651,0.809662401676178
235,n01494475,1,0.9546412229537964,3.8277530879608146,0.9546412229537964
236,n01443537,1,0.8986313939094543,3.8312537698632814,0.8986313939094543
237,n01443537,1,0.9004519581794739,3.831681127248714,0.9004519581794739
238,n01491361,1,0.8571786880493164,3.8246917580769466,0.8571786880493164
239,n01440764,1,0.9135568737983704,3.787130435971694,0.9135568737983704
240,n01443537,1,0.8533433079719543,3.8007910725441536,0.8533433079719543
241,n01494475,1,0.9119038581848145,3.8080147990492055,0.9119038581848145
242,n01440764,1,0.9230067133903503,3.803827529526827,0.9230067133903503
243,n01484850,1,0.8997650742530823,3.850508733832451,0.8997650742530823
244,n01491361,1,0.8431591391563416,3.8306266088130605,0.0
245,n01494475,1,0.872981607913971,3.8459818265393655,0.872981607913971
246,n01494475,1,0.9262447953224182,3.818068471483497,0.9262447953224182
247,n01443537,1,0.845485508441925,3.8159155241630667,0.845485508441925
248,n01440764,1,0.9288835525512695,3.818472949074805,0.9288835525512695
249,n01494475,1,0.9010592103004456,3.821487845118046,0.9010592103004456
250,n01491361,1,0.8615335822105408,3.834983316228398,0.8615335822105408
251,n01491361,1,0.9093577861785889,3.8043843270922686,0.9093577861785889
252,n01440764,1,0.9443983435630798,3.8277157106493918,0.9443983435630798
253,n01484850,1,0.8854549527168274,3.8201393238585126,0.8854549527168274
254,n01440764,1,0.6566669940948486,3.824830265072566,0.6566669940948486
255,n01443537,1,0.9090553522109985,3.7903809194311835,0.9090553522109985
256,n01440764,1,0.9353609681129456,3.810753030071609,0.9353609681129456
257,n01484850,1,0.9058979749679565,3.8412796784728496,0.9058979749679565
258,n01484850,1,0.8700994849205017,3.8157797911617357,0.8700994849205017
259,n01494475,1,0.870098352432251,3.794518637605484,0.870098352432251
260,n01491361,1,0.8983871340751648,3.8083580111165407,0.8983871340751648
261,n01491361,1,0.8849973678588867,3.827821590543073,0.8849973678588867
262,n01491361,0,0.0,3.8215396747739026,0.8628900647163391
263,n01440764,1,0.9173774123191833,3.8182569615406092,0.9173774123191833
264,n01443537,1,0.7061014771461487,3.825289660409175,0.7061014771461487
265,n01443537,1,0.9010168313980103,3.865551996871945,0.9010168313980103
266,n01440764,1,0.9132406115531921,3.7767199144751884,0.9132406115531921
267,n01440764,1,0.9069191217422485,3.8179492072325867,0.9069191217422485
268,n01484850,1,0.8267565965652466,3.842509413596727,0.8267565965652466
269,n01491361,1,0.8205748796463013,3.830465579263969,0.8205748796463013
270,n01491361,1,0.7664453983306885,3.8294160503132826,0.7664453983306885
271,n01484850,1,0.9020954370498657,3.8402613044446015,0.9020954370498657
272,n01491361,1,0.7466582655906677,3.8116978851397034,0.7466582655906677
273,n01484850,1,0.9020903706550598,3.7917086608305977,0.9020903706550598
274,n01491361,0,0.0,3.8061139884130846,0.0
275,n01494475,1,0.8693431615829468,3.8021285897168897,0.8693431615829468
276,n01494475,1,0.9169716835021973,3.8211607860526975,0.9169716835021973
277,n01484850,0,0.0,3.8003316523922366,0.0
278,n01443537,1,0.898552656173706,3.814893024606011,0.898552656173706
279,n01494475,1,0.9216996431350708,3.8140250307752814,0.9216996431350708
280,n01484850,1,0.8971143960952759,3.7872204926288378,0.8971143960952759
281,n01440764,1,0.9349967837333679,3.7986080251381984,0.9349967837333679
282,n01443537,1,0.863122820854187,3.8199588006331857,0.863122820854187
283,n01494475,1,0.8972673416137695,3.819235225831291,0.8972673416137695
284,n01491361,1,0.6730269193649292,3.8202593247538115,0.6730269193649292
285,n01491361,1,0.8876520991325378,3.793135183256239,0.8876520991325378
286,n01494475,1,0.9155217409133911,3.8052616254544613,0.9155217409133911
287,n01443537,1,0.9025683999061584,3.8436022185070264,0.9025683999061584
288,n01484850,1,0.8330986499786377,3.840141301945414,0.8330986499786377
289,n01484850,1,0.9044046998023987,3.8410682112418066,0.9044046998023987
290,n01440764,1,0.9305441379547119,3.8657088768521706,0.9305441379547119
291,n01494475,0,0.0,3.829970188948872,0.0
292,n01440764,1,0.9223440289497375,3.819715068526753,0.9223440289497375
293,n01443537,1,0.8999540209770203,3.833384423478464,0.8999540209770203
294,n01491361,0,0.0,3.8387413262562258,0.0
295,n01440764,1,0.9103988409042358,3.8145359762021536,0.9103988409042358
296,n01491361,1,0.8826693296432495,3.8252641400197507,0.8826693296432495
297,n01440764,1,0.9249206781387329,3.828190045459401,0.9249206781387329
298,n01494475,1,0.7969990372657776,3.826312837264211,0.7969990372657776
299,n01443537,1,0.8800539970397949,3.8138771580368256,0.8800539970397949
300,n01443537,1,0.8983434438705444,3.8116661651501227,0.8983434438705444
301,n01494475,1,0.9336710572242737,3.8503563110843726,0.9336710572242737
302,n01440764,1,0.9406806230545044,3.8135799154912937,0.9406806230545044
303,n01443537,1,0.9111093282699585,3.816616454498792,0.9111093282699585
304,n01484850,1,0.928813636302948,3.836984908074076,0.928813636302948
305,n01440764,1,0.9202205538749695,3.8148037648211646,0.9202205538749695
306,n01443537,1,0.906517744064331,3.803268373037584,0.906517744064331
307,n01491361,1,0.9009093046188354,3.812666093819705,0.9009093046188354
308,n01443537,1,0.9087350964546204,3.8344261437101212,0.9087350964546204
309,n01491361,0,0.0,3.811573954514657,0.7997164130210876
310,n01484850,1,0.8863038420677185,3.787256538362698,0.8863038420677185
311,n01440764,1,0.9272505640983582,3.8269340791050634,0.9272505640983582
312,n01494475,1,0.89097660779953,3.8199859641023552,0.89097660779953
313,n01491361,1,0.9050306677818298,3.808405495099006,0.9050306677818298
314,n01443537,0,0.0,3.813678380592395,0.0
315,n01491361,1,0.6782925128936768,3.8206517311646735,0.0
316,n01440764,1,0.931318998336792,3.807411093862365,0.931318998336792
317,n01443537,1,0.8761664628982544,3.818909116143197,0.8761664628982544
318,n01443537,1,0.841763436794281,3.84638158738346,0.841763436794281
319,n01494475,1,0.8998383283615112,3.795839795338125,0.8998383283615112
320,n01440764,1,0.9352898597717285,3.824433118682763,0.9352898597717285
321,n01484850,1,0.901435375213623,3.782057326741008,0.901435375213623
322,n01440764,1,0.9220437407493591,3.8212733286127127,0.9220437407493591
323,n01440764,1,0.9356222748756409,3.83891157249946,0.9356222748756409
324,n01494475,1,0.9208568334579468,3.834068603995806,0.9208568334579468
325,n01443537,1,0.8931159973144531,3.839597265465519,0.8931159973144531
326,n01484850,1,0.8956016302108765,3.8104752738555745,0.8956016302108765
327,n01494475,1,0.8757799863815308,3.835182530449971,0.8757799863815308
328,n01484850,1,0.8972529172897339,3.8184610641880283,0.8972529172897339
329,n01494475,1,0.910510241985321,3.843681597830594,0.910510241985321
330,n01491361,1,0.908111572265625,3.8265311361213192,0.908111572265625
331,n01484850,0,0.0,3.837630605414803,0.0
332,n01484850,1,0.8949536085128784,3.8285944364992095,0.8949536085128784
333,n01494475,1,0.8920003175735474,3.7032260819654264,0.8920003175735474
334,n01494475,1,0.9113857746124268,3.7943099551223316,0.9113857746124268
335,n01484850,1,0.9221271276473999,3.8054575217021824,0.9221271276473999
336,n01440764,1,0.90838623046875,3.804158529130755,0.90838623046875
337,n01440764,1,0.8793784379959106,3.7873687916603314,0.8793784379959106
338,n01484850,1,0.916533350944519,3.807850899236121,0.916533350944519
339,n01440764,1,0.9208048582077026,3.7953144279455664,0.9208048582077026
340,n01484850,1,0.908525824546814,3.8057484215382136,0.908525824546814
341,n01491361,1,0.840856671333313,3.8525511710207803,0.840856671333313
342,n01443537,1,0.9064510464668274,3.8100060242698124,0.9064510464668274
343,n01443537,1,0.9083913564682007,3.98392136856807,0.9083913564682007
344,n01440764,1,0.9209043383598328,3.858561883226168,0.9209043383598328
345,n01440764,1,0.8851904273033142,3.8004819754064476,0.8851904273033142
346,n01494475,1,0.9248241186141968,3.807763525975738,0.9248241186141968
347,n01440764,1,0.9187665581703186,3.81525344987226,0.9187665581703186
348,n01491361,1,0.861594021320343,3.6542486907030276,0.861594021320343
349,n01440764,1,0.9539095163345337,3.8248855716706793,0.9539095163345337
350,n01484850,1,0.9013740420341492,3.80756756611784,0.9013740420341492
351,n01440764,1,0.9130966663360596,3.814900517066971,0.9130966663360596
352,n01484850,1,0.9050717949867249,3.8527697699685457,0.9050717949867249
353,n01491361,1,0.7820470929145813,3.812781197180251,0.7820470929145813
354,n01443537,1,0.8698780536651611,3.9463309321328093,0.8698780536651611
355,n01491361,0,0.0,3.795462095367614,0.8594996929168701
356,n01491361,1,0.8264356851577759,3.8393212379686745,0.8264356851577759
357,n01443537,1,0.9060405492782593,3.81017686594258,0.9060405492782593
358,n01443537,1,0.8805569410324097,3.769930881505381,0.8805569410324097
359,n01443537,1,0.9101855754852295,3.8202657381054825,0.9101855754852295
360,n01491361,1,0.9163469076156616,3.7905149775249263,0.9163469076156616
361,n01491361,1,0.6553639769554138,3.826741985704178,0.6553639769554138
362,n01484850,1,0.6530320644378662,3.810296783455843,0.6530320644378662
363,n01440764,1,0.8788269758224487,3.813363143481719,0.8788269758224487
364,n01440764,1,0.9111447334289551,3.840690135677223,0.9111447334289551
365,n01443537,1,0.8999300599098206,3.8413475383960676,0.8999300599098206
366,n01491361,1,0.8903050422668457,3.8229366795191346,0.8903050422668457
367,n01443537,1,0.9018868207931519,3.816776380732447,0.9018868207931519
368,n01484850,1,0.9197405576705933,3.8201921345641012,0.9197405576705933
369,n01494475,1,0.5539563894271851,3.8201447034474105,0.5539563894271851
370,n01484850,1,0.8869801759719849,3.7795368621275833,0.8869801759719849
371,n01494475,1,0.8837737441062927,3.82108141900548,0.8837737441062927
372,n01484850,1,0.8507716059684753,3.7896555169091797,0.8507716059684753
373,n01443537,1,0.894279956817627,3.80165281374553,0.894279956817627
374,n01494475,1,0.9106225967407227,3.8014997555168475,0.9106225967407227
375,n01440764,1,0.9212502241134644,3.8425585606322907,0.9212502241134644
376,n01443537,1,0.9049524664878845,3.825945398552204,0.9049524664878845
377,n01443537,1,0.8984368443489075,3.8399134424294505,0.8984368443489075
378,n01443537,1,0.9046806693077087,3.84047774680563,0.9046806693077087
379,n01443537,1,0.8509222865104675,3.7264503514905445,0.8509222865104675
380,n01443537,1,0.8855403065681458,3.845870692935987,0.8855403065681458
381,n01494475,1,0.848168671131134,3.807245317369167,0.848168671131134
382,n01494475,1,0.8913097381591797,3.854991371089822,0.8913097381591797
383,n01440764,1,0.8956422805786133,3.826222498869071,0.8956422805786133
384,n01484850,1,0.9201467633247375,3.8324512248701588,0.9201467633247375
385,n01491361,1,0.8916000127792358,3.800114834203294,0.8916000127792358
386,n01440764,1,0.9326138496398926,3.808142038580458,0.9326138496398926
387,n01484850,1,0.9308838844299316,3.8529967936727667,0.9308838844299316
388,n01443537,1,0.6197696328163147,3.809571825188836,0.6197696328163147
389,n01494475,1,0.9105379581451416,3.7952692717513634,0.9105379581451416
390,n01443537,1,0.9391261339187622,3.818552569925097,0.9391261339187622
391,n01440764,1,0.9296655058860779,3.8495858600536867,0.9296655058860779
392,n01494475,1,0.8757799863815308,3.84199254375511,0.8757799863815308
393,n01440764,1,0.9488223791122437,3.750997246612431,0.9488223791122437
394,n01484850,1,0.9307301044464111,3.811560410356071,0.9307301044464111
395,n01484850,1,0.8850579857826233,3.8293578383264126,0.8850579857826233
396,n01440764,1,0.935654878616333,3.7127805039147415,0.935654878616333
397,n01484850,1,0.9061580896377563,3.8465409358499194,0.9061580896377563
398,n01494475,1,0.9131649136543274,3.8323561402010085,0.9131649136543274
399,n01443537,1,0.8819540739059448,3.8103125794805024,0.8819540739059448
400,n01443537,1,0.9076967239379883,3.804323181886318,0.9076967239379883
401,n01440764,1,0.9275175929069519,3.833529767304014,0.9275175929069519
402,n01443537,1,0.8928980231285095,3.8069774605638216,0.8928980231285095
403,n01491361,1,0.892122745513916,3.8177063947261134,0.892122745513916
404,n01443537,1,0.5328181982040405,3.8332777666988265,0.5328181982040405
405,n01494475,1,0.8983561396598816,3.8243338004593177,0.8983561396598816
406,n01491361,1,0.9103400707244873,3.8396771863367793,0.9103400707244873
407,n01443537,1,0.9103626012802124,3.800987374537922,0.9103626012802124
408,n01494475,1,0.890280544757843,3.816289379789042,0.890280544757843
409,n01494475,1,0.8092713952064514,3.7934959332300355,0.8092713952064514
410,n01440764,1,0.9296902418136597,3.815383524111836,0.9296902418136597
411,n01484850,1,0.8850579857826233,3.8122005284990004,0.8850579857826233
412,n01491361,1,0.8655547499656677,3.806043906205785,0.8655547499656677
413,n01484850,0,0.0,3.8326198613791513,0.45618098974227905
414,n01491361,0,0.0,3.8054733118978388,0.0
415,n01440764,1,0.9282501935958862,3.8455706646668064,0.9282501935958862
416,n01494475,1,0.7081946730613708,3.782764450438538,0.7081946730613708
417,n01484850,1,0.9175761938095093,3.8375092830248683,0.9175761938095093
418,n01440764,1,0.9130966663360596,3.8499410046005185,0.9130966663360596
419,n01494475,1,0.6724918484687805,3.8543298511051796,0.6724918484687805
420,n01440764,1,0.9104850888252258,3.8093629575841654,0.9104850888252258
421,n01440764,1,0.9161344766616821,3.800556193049341,0.9161344766616821
422,n01491361,1,0.8627514839172363,3.796510003100868,0.8627514839172363
423,n01443537,1,0.9114924073219299,3.8058411692313343,0.9114924073219299
424,n01484850,1,0.8881353735923767,3.922969573623141,0.8881353735923767
425,n01443537,1,0.9014254808425903,3.8157924929606595,0.9014254808425903
426,n01491361,1,0.7677739262580872,3.798993397535074,0.7677739262580872
427,n01443537,1,0.9216637015342712,3.834503694201323,0.9216637015342712
428,n01440764,1,0.9227204918861389,3.8316295749139524,0.9227204918861389
429,n01443537,1,0.8561267256736755,3.8222937157402272,0.8561267256736755
430,n01484850,0,0.0,3.8208368276631344,0.8632895350456238
431,n01494475,1,0.9302038550376892,3.784394603830638,0.9302038550376892
432,n01484850,1,0.87518310546875,3.7943915926373646,0.87518310546875
433,n01440764,1,0.9186722040176392,3.8286924985809403,0.9186722040176392
434,n01440764,1,0.9242792725563049,3.825007958220795,0.9242792725563049
435,n01494475,0,0.0,3.8185592401834336,0.0
436,n01491361,1,0.8533360958099365,3.843644618457448,0.8533360958099365
437,n01440764,1,0.9423075914382935,3.8090344989132072,0.9423075914382935
438,n01443537,1,0.8836138844490051,3.8277971022903805,0.8836138844490051
439,n01491361,1,0.8883883357048035,3.812027597377647,0.8883883357048035
440,n01491361,1,0.88922518491745,3.8081487900178947,0.88922518491745
441,n01440764,1,0.9114788770675659,3.81105191054793,0.9114788770675659
442,n01443537,1,0.8830199241638184,3.81458040047211,0.8830199241638184
443,n01491361,1,0.620802104473114,3.8141294400567474,0.620802104473114
444,n01440764,0,0.0,3.8125599510942054,0.7403355836868286
445,n01491361,1,0.5344008803367615,3.841393570052278,0.5344008803367615
446,n01484850,1,0.79271000623703,3.7862881187778035,0.79271000623703
447,n01484850,1,0.8982030749320984,3.8272172642585924,0.8982030749320984
448,n01440764,1,0.9163175821304321,3.7941748471587884,0.9163175821304321
449,n01440764,1,0.9364469051361084,3.8605313328589994,0.9364469051361084
450,n01443537,1,0.8922711610794067,3.8280873679035983,0.8922711610794067
451,n01494475,1,0.9017585515975952,3.8118308952149476,0.9017585515975952
452,n01443537,1,0.9031428694725037,3.786057874096409,0.9031428694725037
453,n01484850,1,0.9217894077301025,3.8250593838160314,0.9217894077301025
454,n01443537,1,0.8844395279884338,3.8403168971726247,0.8844395279884338
455,n01491361,1,0.918455958366394,3.8521254051149962,0.918455958366394
456,n01494475,1,0.9237666726112366,3.7896256105340593,0.9237666726112366
457,n01494475,1,0.8977357745170593,3.8219628784658357,0.8977357745170593
458,n01443537,1,0.9154041409492493,3.8345380735470282,0.9154041409492493
459,n01484850,1,0.9007816910743713,3.8461256050737784,0.9007816910743713
460,n01443537,1,0.8407893180847168,3.8175191714848253,0.8407893180847168
461,n01443537,1,0.8124278783798218,3.7951943381186206,0.8124278783798218
462,n01443537,1,0.8890909552574158,3.969523992045671,0.8890909552574158
463,n01443537,1,0.9061596393585205,3.8218543386622885,0.9061596393585205
464,n01484850,1,0.8649328351020813,3.7877766011746146,0.8649328351020813
465,n01484850,1,0.9079104065895081,3.8148115082800578,0.9079104065895081
466,n01443537,1,0.9066532850265503,3.7974321670316273,0.9066532850265503
467,n01440764,1,0.9204129576683044,3.8389135538450714,0.9204129576683044
468,n01494475,1,0.875130832195282,3.7899403827661042,0.875130832195282
469,n01491361,0,0.0,3.8008787322302653,0.887861967086792
470,n01440764,1,0.9051728844642639,3.8360360463497174,0.9051728844642639
471,n01494475,1,0.9408882856369019,3.8361930136696376,0.9408882856369019
472,n01494475,1,0.8092713952064514,3.824612383571261,0.8092713952064514
473,n01440764,1,0.9228505492210388,3.8361462399968898,0.9228505492210388
474,n01443537,1,0.8968951106071472,3.8166833040000174,0.8968951106071472
475,n01494475,1,0.8965482115745544,3.813586439318084,0.8965482115745544
476,n01494475,1,0.9131649136543274,3.7786740722445917,0.9131649136543274
477,n01484850,1,0.9060184955596924,3.842539839337797,0.9060184955596924
478,n01484850,0,0.0,3.8309825898568555,0.6128485798835754
479,n01443537,1,0.9014936089515686,3.8093986008016953,0.9014936089515686
480,n01484850,1,0.9110763669013977,3.8121096426666305,0.9110763669013977
481,n01494475,1,0.8999654054641724,3.856307343728493,0.8999654054641724
482,n01491361,1,0.8923328518867493,3.848946248084457,0.8923328518867493
483,n01494475,1,0.8960115313529968,3.81655879964949,0.8960115313529968
484,n01443537,1,0.6768386960029602,3.8208675668748455,0.6768386960029602
485,n01494475,1,0.9280542135238647,3.8255709068259685,0.9280542135238647
486,n01484850,1,0.9197877645492554,3.8077752064103745,0.9197877645492554
487,n01440764,1,0.9100833535194397,3.8273983506681217,0.9100833535194397
488,n01494475,1,0.9443439245223999,3.847463119809893,0.9443439245223999
489,n01491361,1,0.927520215511322,3.8316392139683293,0.927520215511322
490,n01491361,1,0.8588451147079468,3.8430444038184373,0.8588451147079468
491,n01440764,1,0.8647671341896057,3.8426963661942084,0.8647671341896057
492,n01484850,1,0.8969489932060242,3.831091445430601,0.8969489932060242
493,n01443537,1,0.9068514704704285,3.818666265226506,0.9068514704704285
494,n01494475,1,0.8870336413383484,3.8162181428115622,0.8870336413383484
495,n01494475,1,0.9277967810630798,3.8127546001335615,0.9277967810630798
496,n01491361,1,0.9130188226699829,3.806307148625232,0.9130188226699829
497,n01440764,1,0.9200925230979919,3.849357029403139,0.9200925230979919
498,n01494475,1,0.8810023069381714,3.864400082993469,0.8810023069381714
499,n01484850,1,0.37008097767829895,3.8452799449417583,0.37008097767829895
500,n01494475,1,0.9298151135444641,3.8319364838567864,0.9298151135444641
501,n01484850,1,0.9094558358192444,3.856584432190348,0.9094558358192444
502,n01491361,1,0.5664590001106262,3.803836979656233,0.5664590001106262
503,n01443537,1,0.9102042317390442,3.823292451163652,0.9102042317390442
504,n01440764,1,0.9527525305747986,3.8302650685584663,0.9527525305747986
505,n01443537,1,0.8851104974746704,3.751772560809805,0.8851104974746704
506,n01440764,1,0.9228505492210388,3.8040254969559624,0.9228505492210388
507,n01440764,1,0.9268820881843567,3.81831153013764,0.9268820881843567
508,n01440764,0,0.0,3.8553759390165645,0.0
509,n01484850,1,0.9175817966461182,3.817489645036806,0.9175817966461182
510,n01443537,1,0.8710474967956543,3.813423506399894,0.8710474967956543
511,n01494475,1,0.913133442401886,3.819832088331507,0.913133442401886
512,n01494475,1,0.8924272060394287,3.8115743602815404,0.8924272060394287
513,n01440764,1,0.9266115427017212,3.8381973268471556,0.9266115427017212
514,n01443537,1,0.8848785758018494,3.8280643283288076,0.8848785758018494
515,n01491361,1,0.8414966464042664,3.8177890040637803,0.8414966464042664
516,n01491361,1,0.8658201694488525,3.7942139591144137,0.8658201694488525
517,n01484850,1,0.937895655632019,3.823523312648935,0.937895655632019
518,n01484850,1,0.9354633092880249,3.8053441792067035,0.9354633092880249
519,n01443537,1,0.9256702661514282,3.815131937711109,0.9256702661514282
520,n01440764,1,0.9291204810142517,3.818710054708252,0.9291204810142517
521,n01484850,1,0.9153465032577515,3.8475219805792196,0.9153465032577515
522,n01443537,1,0.8947263360023499,3.8156644419676238,0.8947263360023499
523,n01494475,1,0.8972945213317871,3.828510954059128,0.8972945213317871
524,n01440764,1,0.8964729905128479,3.8354329160780893,0.8964729905128479
525,n01443537,1,0.8924986124038696,3.833452771193977,0.8924986124038696
526,n01484850,0,0.0,3.796420849536157,0.632318913936615
527,n01494475,1,0.8690669536590576,3.7955310655963754,0.8690669536590576
528,n01491361,0,0.0,3.8348769285518465,0.8772681951522827
529,n01494475,1,0.8612796664237976,3.8500765460444693,0.8612796664237976
530,n01491361,1,0.91034996509552,3.804686158786637,0.91034996509552
531,n01491361,1,0.5504446029663086,3.8118915001182194,0.5504446029663086
532,n01491361,1,0.8727803826332092,3.804658411645926,0.0
533,n01484850,1,0.9069621562957764,3.830101749195322,0.9069621562957764
534,n01443537,1,0.9153085350990295,3.70050364394556,0.9153085350990295
535,n01484850,1,0.901435375213623,3.8269750962944347,0.901435375213623
536,n01484850,1,0.8817365765571594,3.80887239660164,0.8817365765571594
537,n01491361,1,0.8899195790290833,3.8247682703402797,0.8899195790290833
538,n01491361,1,0.8766093254089355,3.82425045107594,0.8766093254089355
539,n01440764,1,0.9259293675422668,3.8302748003634735,0.9259293675422668
540,n01440764,1,0.8926122784614563,3.857155226097188,0.8926122784614563
541,n01491361,0,0.0,3.8128148480377715,0.0
542,n01491361,1,0.8855943083763123,3.817306879033323,0.8855943083763123
543,n01484850,1,0.909554660320282,3.8271705073339617,0.909554660320282
544,n01443537,1,0.9013293385505676,3.8461665738064172,0.9013293385505676
545,n01484850,1,0.9200709462165833,3.8200059959991597,0.9200709462165833
546,n01484850,1,0.9087870717048645,3.825788317071852,0.9087870717048645
547,n01443537,1,0.8868327736854553,3.8157224461516766,0.8868327736854553
548,n01491361,1,0.8975892663002014,3.8480031226297777,0.8975892663002014
549,n01491361,1,0.8234478235244751,3.829503485783539,0.8234478235244751
550,n01491361,1,0.8934866786003113,3.8263032355169364,0.8934866786003113
551,n01494475,1,0.8616687655448914,3.828220295385814,0.8616687655448914
552,n01491361,1,0.8484323620796204,3.8339892866282224,0.8484323620796204
553,n01491361,1,0.91190505027771,3.791307129229145,0.91190505027771
554,n01494475,1,0.8766140937805176,3.7892477605961754,0.8766140937805176
555,n01484850,1,0.8682266473770142,3.801881007653076,0.8682266473770142
556,n01494475,1,0.800530195236206,3.8490822856201716,0.800530195236206
557,n01484850,1,0.9444951415061951,3.829713441901724,0.9444951415061951
558,n01443537,1,0.43676283955574036,3.8343461300006694,0.43676283955574036
559,n01443537,1,0.915601909160614,3.812497534812137,0.915601909160614
560,n01491361,1,0.8774160146713257,3.7869860718807207,0.8774160146713257
561,n01484850,1,0.8796364068984985,3.790354996759667,0.8796364068984985
562,n01491361,1,0.8699238896369934,3.84135309157406,0.8699238896369934
563,n01484850,1,0.9044046998023987,3.7801951096076603,0.9044046998023987
564,n01443537,1,0.9712172150611877,3.845255843197329,0.9712172150611877
565,n01491361,1,0.8658832907676697,3.788904000519545,0.8658832907676697
566,n01491361,0,0.0,3.8046516566057123,0.8537423610687256
567,n01484850,1,0.9226486682891846,3.773073615829674,0.9226486682891846
568,n01443537,1,0.9188145995140076,3.8145420172822706,0.9188145995140076
569,n01491361,1,0.8304622769355774,3.824126479534252,0.8304622769355774
570,n01443537,1,0.8783698081970215,3.8584472166845583,0.8783698081970215
571,n01494475,1,0.875324010848999,3.854035367292244,0.875324010848999
572,n01440764,1,0.925967812538147,3.773579228101364,0.925967812538147
573,n01440764,1,0.9109848141670227,3.830759718059021,0.9109848141670227
574,n01484850,1,0.9044905304908752,3.836248805259354,0.9044905304908752
575,n01443537,1,0.8959591388702393,3.819082389926164,0.8959591388702393
576,n01491361,1,0.8587213754653931,3.7843498793472135,0.8587213754653931
577,n01494475,1,0.9267213940620422,3.8065540230823336,0.9267213940620422
578,n01443537,1,0.8940621614456177,3.810993012513213,0.8940621614456177
579,n01494475,1,0.9091934561729431,3.8718438700105833,0.9091934561729431
580,n01443537,1,0.6494002342224121,3.802914688296249,0.0
581,n01491361,1,0.8966230750083923,3.834725475387074,0.8966230750083923
582,n01440764,1,0.9274198412895203,3.804382311110982,0.9274198412895203
583,n01484850,1,0.9071281552314758,3.8111399879612957,0.9071281552314758
584,n01443537,1,0.9139056205749512,3.8195199532541104,0.9139056205749512
585,n01494475,1,0.8693431615829468,3.800422468847976,0.8693431615829468
586,n01440764,1,0.9156288504600525,3.800240916070346,0.9156288504600525
587,n01443537,1,0.8887871503829956,3.7855757171405178,0.8887871503829956
588,n01443537,1,0.9163213968276978,3.7796140456254257,0.9163213968276978
589,n01440764,1,0.9275802373886108,3.8641466890278204,0.9275802373886108
590,n01494475,1,0.9010531306266785,3.801061789253936,0.9010531306266785
591,n01443537,1,0.898552656173706,3.840840805887159,0.898552656173706
592,n01484850,1,0.9067755937576294,3.8148688519868807,0.9067755937576294
593,n01491361,1,0.9093852639198303,3.815659711321565,0.9093852639198303
594,n01440764,1,0.924659788608551,3.8192245804193017,0.924659788608551
595,n01491361,1,0.9236004948616028,3.802144904288019,0.9236004948616028
596,n01494475,1,0.8690669536590576,3.798330723708855,0.8690669536590576
597,n01440764,1,0.9085536003112793,3.8183838163961146,0.9085536003112793
598,n01443537,1,0.9000403881072998,3.8276020663257366,0.9000403881072998
599,n01491361,0,0.0,3.845875221919813,0.0
600,n01491361,1,0.887502908706665,3.808021085187953,0.887502908706665
601,n01494475,1,0.903449296951294,3.80814864453357,0.903449296951294
602,n01484850,1,0.8385791778564453,3.814750568008103,0.8385791778564453
603,n01494475,1,0.8620741367340088,3.8030164396109383,0.8620741367340088
604,n01440764,1,0.9034823775291443,3.7939423320930614,0.9034823775291443
605,n01443537,1,0.904058039188385,3.787101110518277,0.904058039188385
606,n01443537,1,0.8947181701660156,3.841076001698811,0.8947181701660156
607,n01484850,1,0.8931140899658203,3.8272602997507588,0.8931140899658203
608,n01484850,1,0.7947215437889099,3.7899612665392204,0.7947215437889099
609,n01494475,1,0.8950344324111938,3.8017684077040257,0.8950344324111938
610,n01440764,1,0.906708836555481,3.819275071135424,0.906708836555481
611,n01440764,1,0.9161773920059204,3.832797720700203,0.9161773920059204
612,n01494475,1,0.9191842675209045,3.833073817801305,0.9191842675209045
613,n01494475,1,0.9566636085510254,3.8301246175264163,0.9566636085510254
614,n01443537,1,0.9023287296295166,3.8191038034729616,0.9023287296295166
615,n01443537,1,0.8914636373519897,3.867601118418355,0.8914636373519897
616,n01484850,1,0.8912865519523621,3.815370806044161,0.8912865519523621
617,n01443537,1,0.9171295762062073,3.811961948970262,0.9171295762062073
618,n01443537,1,0.8828127980232239,3.8484033622571827,0.8828127980232239
619,n01443537,1,0.8594220280647278,3.8216897729689894,0.8594220280647278
620,n01494475,1,0.9516439437866211,3.8352257165224004,0.9516439437866211
621,n01443537,1,0.9001195430755615,3.807133527381452,0.9001195430755615
622,n01484850,1,0.9007944464683533,3.8783903518833727,0.9007944464683533
623,n01440764,1,0.9406806230545044,3.8250966695066024,0.9406806230545044
624,n01443537,1,0.8954522013664246,3.8056071069157493,0.8954522013664246
625,n01494475,1,0.89384526014328,3.8383824550730394,0.89384526014328
626,n01491361,1,0.9038391709327698,3.821813735718124,0.9038391709327698
627,n01494475,1,0.9403492212295532,3.82022264585614,0.9403492212295532
628,n01440764,1,0.9114745855331421,3.840783578674185,0.9114745855331421
629,n01494475,1,0.9042797684669495,3.8347115919411783,0.9042797684669495
630,n01494475,1,0.8822489976882935,3.784134152424189,0.8822489976882935
631,n01484850,1,0.9231222867965698,3.8298719053620824,0.9231222867965698
632,n01440764,0,0.0,3.77000712620706,0.7525777816772461
633,n01484850,1,0.8998253345489502,3.8273116435913677,0.8998253345489502
634,n01491361,1,0.6681006550788879,3.7680220584268334,0.6681006550788879
635,n01443537,1,0.9078993797302246,3.818713993427392,0.9078993797302246
