total_energy_consumption,ensemble_size,input_file_length,image_height,image_width,model_0_metric_0,model_0_metric_1,model_0_metric_2,model_0_metric_3,model_0_metric_4,model_1_metric_0,model_1_metric_1,model_1_metric_2,model_1_metric_3,model_1_metric_4,model_2_metric_0,model_2_metric_1,model_2_metric_2,model_2_metric_3,model_2_metric_4,model_3_metric_0,model_3_metric_1,model_3_metric_2,model_3_metric_3,model_3_metric_4,model_4_metric_0,model_4_metric_1,model_4_metric_2,model_4_metric_3,model_4_metric_4,model_5_metric_0,model_5_metric_1,model_5_metric_2,model_5_metric_3,model_5_metric_4,model_6_metric_0,model_6_metric_1,model_6_metric_2,model_6_metric_3,model_6_metric_4,model_7_metric_0,model_7_metric_1,model_7_metric_2,model_7_metric_3,model_7_metric_4,model_8_metric_0,model_8_metric_1,model_8_metric_2,model_8_metric_3,model_8_metric_4,model_9_metric_0,model_9_metric_1,model_9_metric_2,model_9_metric_3,model_9_metric_4
0.0033361556678861773,3,0.6666666666666666,0.6317184633678861,2.0907137453002593,2.134313808430968,0.8885572751363119,15,224,224,"[1.0, 1.0, 1.0, 1.0, 1.0, 0.0, 0.0, 0.0, 0.0, 0.0, 0.0, 0.0, 0.0, 0.0, 0.0, 0.0, 0.0, 0.0, 0.0, 0.0]"
0.006465659633972781,3,0.75,0.6961219857136409,2.5312982587627464,3.853051799150208,0.8952081054449081,15,224,224,"[1.0, 1.0, 1.0, 1.0, 1.0, 0.0, 0.0, 0.0, 0.0, 0.0, 0.0, 0.0, 0.0, 0.0, 0.0, 0.0, 0.0, 0.0, 0.0, 0.0]"
0.006465659633972781,3,0.8,0.7419448057810466,2.7905560715619284,3.853051799150208,0.9020378947257995,14,224,224,"[1.0, 1.0, 1.0, 1.0, 1.0, 0.0, 0.0, 0.0, 0.0, 0.0, 0.0, 0.0, 0.0, 0.0, 0.0, 0.0, 0.0, 0.0, 0.0, 0.0]"
0.006465659633972781,3,0.8333333333333334,0.7628480792045593,2.9673055853254486,3.853051799150208,0.9113209346930186,13,224,224,"[1.0, 1.0, 1.0, 1.0, 1.0, 0.0, 0.0, 0.0, 0.0, 0.0, 0.0, 0.0, 0.0, 0.0, 0.0, 0.0, 0.0, 0.0, 0.0, 0.0]"
0.01100840203748216,4,0.8571428571428571,0.7812807091644832,3.5591027338139978,7.109885624745294,0.9129753623689923,15,224,224,"[1.0, 1.0, 1.0, 1.0, 1.0, 0.0, 0.0, 0.0, 0.0, 0.0, 0.0, 0.0, 0.0, 0.0, 0.0, 0.0, 0.0, 0.0, 0.0, 0.0]"
0.01131999673746023,5,0.875,0.7946029685437679,4.0049695326543375,7.126037124536718,0.9175043255090714,15,224,224,"[1.0, 1.0, 1.0, 1.0, 1.0, 0.0, 0.0, 0.0, 0.0, 0.0, 0.0, 0.0, 0.0, 0.0, 0.0, 0.0, 0.0, 0.0, 0.0, 0.0]"
0.01131999673746023,5,0.8888888888888888,0.7870996236801147,4.354941965627651,7.154721429414158,0.9195647372139825,14,224,224,"[1.0, 1.0, 1.0, 1.0, 1.0, 0.0, 0.0, 0.0, 0.0, 0.0, 0.0, 0.0, 0.0, 0.0, 0.0, 0.0, 0.0, 0.0, 0.0, 0.0]"
0.016804851811249164,6,0.9,0.8004314051071801,4.6310372436319565,7.154721429414158,0.924476832151413,15,224,224,"[1.0, 1.0, 1.0, 1.0, 1.0, 0.0, 0.0, 0.0, 0.0, 0.0, 0.0, 0.0, 0.0, 0.0, 0.0, 0.0, 0.0, 0.0, 0.0, 0.0]"
0.016804851811249164,6,0.9090909090909091,0.810976233988097,4.8568042006512675,7.154721429414158,0.9313181096857245,14,224,224,"[1.0, 1.0, 1.0, 1.0, 1.0, 0.0, 0.0, 0.0, 0.0, 0.0, 0.0, 0.0, 0.0, 0.0, 0.0, 0.0, 0.0, 0.0, 0.0, 0.0]"
0.016804851811249164,6,0.9166666666666666,0.8160045325756071,5.044501476009177,7.154721429414158,0.9369602501392365,14,224,224,"[1.0, 1.0, 1.0, 1.0, 1.0, 0.0, 0.0, 0.0, 0.0, 0.0, 0.0, 0.0, 0.0, 0.0, 0.0, 0.0, 0.0, 0.0, 0.0, 0.0]"
0.016804851811249164,6,0.9230769230769231,0.823999442045505,5.204584838027911,7.154721429414158,0.9417968438221858,15,224,224,"[1.0, 1.0, 1.0, 1.0, 1.0, 0.0, 0.0, 0.0, 0.0, 0.0, 0.0, 0.0, 0.0, 0.0, 0.0, 0.0, 0.0, 0.0, 0.0, 0.0]"
0.016804851811249164,6,0.9285714285714286,0.8171945333480833,5.343265736642017,7.154721429414158,0.9395743565899985,14,224,224,"[1.0, 1.0, 1.0, 1.0, 1.0, 0.0, 0.0, 0.0, 0.0, 0.0, 0.0, 0.0, 0.0, 0.0, 0.0, 0.0, 0.0, 0.0, 0.0, 0.0]"
0.016804851811249164,6,0.9333333333333333,0.8222885759671528,5.462309470210351,7.154721429414158,0.943221124013265,14,224,224,"[1.0, 1.0, 1.0, 1.0, 1.0, 0.0, 0.0, 0.0, 0.0, 0.0, 0.0, 0.0, 0.0, 0.0, 0.0, 0.0, 0.0, 0.0, 0.0, 0.0]"
0.016804851811249164,6,0.9375,0.8271657121678192,5.566117959674496,7.154721429414158,0.9461150951683521,14,224,224,"[1.0, 1.0, 1.0, 1.0, 1.0, 0.0, 0.0, 0.0, 0.0, 0.0, 0.0, 0.0, 0.0, 0.0, 0.0, 0.0, 0.0, 0.0, 0.0, 0.0]"
0.016804851811249164,6,0.9411764705882353,0.8289180309164756,5.658001684073409,7.154721429414158,0.943240810843075,14,224,224,"[1.0, 1.0, 1.0, 1.0, 1.0, 0.0, 0.0, 0.0, 0.0, 0.0, 0.0, 0.0, 0.0, 0.0, 0.0, 0.0, 0.0, 0.0, 0.0, 0.0]"
0.016804851811249164,6,0.9444444444444444,0.8267933807991168,5.736573454481983,7.154721429414158,0.9429079327318404,13,224,224,"[1.0, 1.0, 1.0, 1.0, 1.0, 0.0, 0.0, 0.0, 0.0, 0.0, 0.0, 0.0, 0.0, 0.0, 0.0, 0.0, 0.0, 0.0, 0.0, 0.0]"
0.016804851811249164,6,0.9473684210526315,0.8314002547347754,5.8092825908572765,7.154721429414158,0.9455550814929762,15,224,224,"[1.0, 1.0, 1.0, 1.0, 1.0, 0.0, 0.0, 0.0, 0.0, 0.0, 0.0, 0.0, 0.0, 0.0, 0.0, 0.0, 0.0, 0.0, 0.0, 0.0]"
0.016804851811249164,6,0.95,0.8276417318979898,5.876134100101621,7.154721429414158,0.9410390615463257,15,224,224,"[1.0, 1.0, 1.0, 1.0, 1.0, 0.0, 0.0, 0.0, 0.0, 0.0, 0.0, 0.0, 0.0, 0.0, 0.0, 0.0, 0.0, 0.0, 0.0, 0.0]"
0.016804851811249164,6,0.9523809523809523,0.8287249830980149,5.9349175278772615,7.154721429414158,0.9400502159481957,13,224,224,"[1.0, 1.0, 1.0, 1.0, 1.0, 0.0, 0.0, 0.0, 0.0, 0.0, 0.0, 0.0, 0.0, 0.0, 0.0, 0.0, 0.0, 0.0, 0.0, 0.0]"
0.016804851811249164,6,0.9545454545454546,0.8271710329886638,5.990091285955928,7.154721429414158,0.9421697340228341,13,224,224,"[1.0, 1.0, 1.0, 1.0, 1.0, 0.0, 0.0, 0.0, 0.0, 0.0, 0.0, 0.0, 0.0, 0.0, 0.0, 0.0, 0.0, 0.0, 0.0, 0.0]"
0.016804851811249164,6,0.9565217391304348,0.8164960575924403,6.041822745303676,7.179914850954125,0.9414688711581023,15,224,224,"[1.0, 1.0, 1.0, 1.0, 1.0, 0.0, 0.0, 0.0, 0.0, 0.0, 0.0, 0.0, 0.0, 0.0, 0.0, 0.0, 0.0, 0.0, 0.0, 0.0]"
0.016804851811249164,6,0.9583333333333334,0.8206662380653951,6.088032270529458,7.179914850954125,0.9438318063815435,14,224,224,"[1.0, 1.0, 1.0, 1.0, 1.0, 0.0, 0.0, 0.0, 0.0, 0.0, 0.0, 0.0, 0.0, 0.0, 0.0, 0.0, 0.0, 0.0, 0.0, 0.0]"
0.016804851811249164,6,0.96,0.8244653040369352,6.129724767222974,7.179914850954125,0.9453665041923522,13,224,224,"[1.0, 1.0, 1.0, 1.0, 1.0, 0.0, 0.0, 0.0, 0.0, 0.0, 0.0, 0.0, 0.0, 0.0, 0.0, 0.0, 0.0, 0.0, 0.0, 0.0]"
0.017675754738927185,7,0.9615384615384616,0.8286051510481826,6.167683289663058,7.179914850954125,0.947431321327503,15,224,224,"[1.0, 1.0, 1.0, 1.0, 1.0, 0.0, 0.0, 0.0, 0.0, 0.0, 0.0, 0.0, 0.0, 0.0, 0.0, 0.0, 0.0, 0.0, 0.0, 0.0]"
0.017675754738927185,7,0.9629629629629629,0.8285308391355122,6.2027710363179365,7.179914850954125,0.9484892862814444,14,224,224,"[1.0, 1.0, 1.0, 1.0, 1.0, 0.0, 0.0, 0.0, 0.0, 0.0, 0.0, 0.0, 0.0, 0.0, 0.0, 0.0, 0.0, 0.0, 0.0, 0.0]"
0.017825260597325844,8,0.9642857142857143,0.8272192916649133,6.234969164897296,7.179914850954125,0.9478816751922879,15,224,224,"[1.0, 1.0, 1.0, 1.0, 1.0, 0.0, 0.0, 0.0, 0.0, 0.0, 0.0, 0.0, 0.0, 0.0, 0.0, 0.0, 0.0, 0.0, 0.0, 0.0]"
0.017825260597325844,8,0.9655172413793104,0.830966094388261,6.265935896389527,7.179914850954125,0.9496640460244541,14,224,224,"[1.0, 1.0, 1.0, 1.0, 1.0, 0.0, 0.0, 0.0, 0.0, 0.0, 0.0, 0.0, 0.0, 0.0, 0.0, 0.0, 0.0, 0.0, 0.0, 0.0]"
0.017825260597325844,8,0.9666666666666667,0.8332131459765016,6.294190832145928,7.179914850954125,0.9508658051490784,15,224,224,"[1.0, 1.0, 1.0, 1.0, 1.0, 0.0, 0.0, 0.0, 0.0, 0.0, 0.0, 0.0, 0.0, 0.0, 0.0, 0.0, 0.0, 0.0, 0.0, 0.0]"
0.017825260597325844,8,0.967741935483871,0.8360654004593414,6.320866437795217,7.179914850954125,0.9520620876742948,14,224,224,"[1.0, 1.0, 1.0, 1.0, 1.0, 0.0, 0.0, 0.0, 0.0, 0.0, 0.0, 0.0, 0.0, 0.0, 0.0, 0.0, 0.0, 0.0, 0.0, 0.0]"
0.017825260597325844,8,0.96875,0.8377831670876946,6.344533189164908,7.179914850954125,0.9533279780298471,14,224,224,"[1.0, 1.0, 1.0, 1.0, 1.0, 0.0, 0.0, 0.0, 0.0, 0.0, 0.0, 0.0, 0.0, 0.0, 0.0, 0.0, 0.0, 0.0, 0.0, 0.0]"
0.017859681623383035,9,0.9696969696969697,0.8402169775789377,6.3685529135984575,7.179914850954125,0.9545500928705389,15,224,224,"[1.0, 1.0, 1.0, 1.0, 1.0, 0.0, 0.0, 0.0, 0.0, 0.0, 0.0, 0.0, 0.0, 0.0, 0.0, 0.0, 0.0, 0.0, 0.0, 0.0]"
0.018470515036970083,10,0.9705882352941176,0.8432057486744432,6.391937406505879,7.179914850954125,0.9558782945660984,13,224,224,"[1.0, 1.0, 1.0, 1.0, 1.0, 0.0, 0.0, 0.0, 0.0, 0.0, 0.0, 0.0, 0.0, 0.0, 0.0, 0.0, 0.0, 0.0, 0.0, 0.0]"
0.018470515036970083,10,0.9714285714285714,0.8466299294823962,6.412952763401284,7.179914850954125,0.9570994632584708,15,224,224,"[1.0, 1.0, 1.0, 1.0, 1.0, 0.0, 0.0, 0.0, 0.0, 0.0, 0.0, 0.0, 0.0, 0.0, 0.0, 0.0, 0.0, 0.0, 0.0, 0.0]"
0.018470515036970083,10,0.9444444444444444,0.8231124314412185,6.432899805668646,7.179914850954125,0.9577022956477271,15,224,224,"[1.0, 1.0, 1.0, 1.0, 1.0, 0.0, 0.0, 0.0, 0.0, 0.0, 0.0, 0.0, 0.0, 0.0, 0.0, 0.0, 0.0, 0.0, 0.0, 0.0]"
0.018470515036970083,10,0.9459459459459459,0.8224504666432502,6.451393241707441,7.179914850954125,0.9586596940014813,14,224,224,"[1.0, 1.0, 1.0, 1.0, 1.0, 0.0, 0.0, 0.0, 0.0, 0.0, 0.0, 0.0, 0.0, 0.0, 0.0, 0.0, 0.0, 0.0, 0.0, 0.0]"
0.018470515036970083,10,0.9473684210526315,0.8250412449122421,6.469484185156732,7.179914850954125,0.959253872695722,15,224,224,"[1.0, 1.0, 1.0, 1.0, 1.0, 0.0, 0.0, 0.0, 0.0, 0.0, 0.0, 0.0, 0.0, 0.0, 0.0, 0.0, 0.0, 0.0, 0.0, 0.0]"
0.018470515036970083,10,0.9487179487179487,0.8253092246826801,6.486786061362417,7.179914850954125,0.9596949571218246,14,224,224,"[1.0, 1.0, 1.0, 1.0, 1.0, 0.0, 0.0, 0.0, 0.0, 0.0, 0.0, 0.0, 0.0, 0.0, 0.0, 0.0, 0.0, 0.0, 0.0, 0.0]"
0.018556997220561713,11,0.95,0.827875256737127,6.503495008068461,7.179914850954125,0.9606861039996147,14,224,224,"[1.0, 1.0, 1.0, 1.0, 1.0, 0.0, 0.0, 0.0, 0.0, 0.0, 0.0, 0.0, 0.0, 0.0, 0.0, 0.0, 0.0, 0.0, 0.0, 0.0]"
0.018591318869234208,12,0.9512195121951219,0.8299778837499137,6.5188435844189225,7.179914850954125,0.9616433861779004,14,224,224,"[1.0, 1.0, 1.0, 1.0, 1.0, 0.0, 0.0, 0.0, 0.0, 0.0, 0.0, 0.0, 0.0, 0.0, 0.0, 0.0, 0.0, 0.0, 0.0, 0.0]"
0.018591318869234208,12,0.9523809523809523,0.8326700015910601,6.533083540712117,7.179914850954125,0.9625558100995564,15,224,224,"[1.0, 1.0, 1.0, 1.0, 1.0, 0.0, 0.0, 0.0, 0.0, 0.0, 0.0, 0.0, 0.0, 0.0, 0.0, 0.0, 0.0, 0.0, 0.0, 0.0]"
0.018591318869234208,12,0.9534883720930233,0.8268600249178755,6.5471603111087955,7.179914850954125,0.960922776266586,14,224,224,"[1.0, 1.0, 1.0, 1.0, 1.0, 0.0, 0.0, 0.0, 0.0, 0.0, 0.0, 0.0, 0.0, 0.0, 0.0, 0.0, 0.0, 0.0, 0.0, 0.0]"
0.018591318869234208,12,0.9545454545454546,0.8268585305258284,6.559501533549588,7.179914850954125,0.9611920646645806,15,224,224,"[1.0, 1.0, 1.0, 1.0, 1.0, 0.0, 0.0, 0.0, 0.0, 0.0, 0.0, 0.0, 0.0, 0.0, 0.0, 0.0, 0.0, 0.0, 0.0, 0.0]"
0.018591318869234208,12,0.9555555555555556,0.8266441315129169,6.5723226170396565,7.179914850954125,0.9620074060228135,15,224,224,"[1.0, 1.0, 1.0, 1.0, 1.0, 0.0, 0.0, 0.0, 0.0, 0.0, 0.0, 0.0, 0.0, 0.0, 0.0, 0.0, 0.0, 0.0, 0.0, 0.0]"
0.018591318869234208,12,0.9565217391304348,0.8278707705052966,6.580984374026639,7.179914850954125,0.962395789830581,33,224,224,"[1.0, 1.0, 1.0, 1.0, 1.0, 0.0, 0.0, 0.0, 0.0, 0.0, 0.0, 0.0, 0.0, 0.0, 0.0, 0.0, 0.0, 0.0, 0.0, 0.0]"
0.018591318869234208,12,0.9574468085106383,0.8301866821514896,6.593772747611207,7.182037932501379,0.9631931731041442,15,224,224,"[1.0, 1.0, 1.0, 1.0, 1.0, 0.0, 0.0, 0.0, 0.0, 0.0, 0.0, 0.0, 0.0, 0.0, 0.0, 0.0, 0.0, 0.0, 0.0, 0.0]"
0.018591318869234208,12,0.9583333333333334,0.8319314865957627,6.605427316375756,7.182037932501379,0.9639064085980257,15,224,224,"[1.0, 1.0, 1.0, 1.0, 1.0, 0.0, 0.0, 0.0, 0.0, 0.0, 0.0, 0.0, 0.0, 0.0, 0.0, 0.0, 0.0, 0.0, 0.0, 0.0]"
0.018591318869234208,12,0.9591836734693877,0.8340707968432169,6.616029945071041,7.182037932501379,0.9646338005455173,15,224,224,"[1.0, 1.0, 1.0, 1.0, 1.0, 0.0, 0.0, 0.0, 0.0, 0.0, 0.0, 0.0, 0.0, 0.0, 0.0, 0.0, 0.0, 0.0, 0.0, 0.0]"
0.018591318869234208,12,0.94,0.8173893809063526,6.625686422693754,7.182037932501379,0.945341124534607,14,224,224,"[1.0, 1.0, 1.0, 1.0, 1.0, 0.0, 0.0, 0.0, 0.0, 0.0, 0.0, 0.0, 0.0, 0.0, 0.0, 0.0, 0.0, 0.0, 0.0, 0.0]"
0.018591318869234208,12,0.9411764705882353,0.8165493470364014,6.635408967455819,7.182037932501379,0.9449918597352271,14,224,224,"[1.0, 1.0, 1.0, 1.0, 1.0, 0.0, 0.0, 0.0, 0.0, 0.0, 0.0, 0.0, 0.0, 0.0, 0.0, 0.0, 0.0, 0.0, 0.0, 0.0]"
0.018654365737329086,13,0.9423076923076923,0.8185389403131397,6.644496751222023,7.182037932501379,0.9460439831018448,13,224,224,"[1.0, 1.0, 1.0, 1.0, 1.0, 0.0, 0.0, 0.0, 0.0, 0.0, 0.0, 0.0, 0.0, 0.0, 0.0, 0.0, 0.0, 0.0, 0.0, 0.0]"
0.01894598299398171,14,0.9433962264150944,0.8209783657542222,6.654978975287503,7.200054626692409,0.9470588249980278,14,224,224,"[1.0, 1.0, 1.0, 1.0, 1.0, 0.0, 0.0, 0.0, 0.0, 0.0, 0.0, 0.0, 0.0, 0.0, 0.0, 0.0, 0.0, 0.0, 0.0, 0.0]"
0.01894598299398171,14,0.9444444444444444,0.8226043642829104,6.6637043430070015,7.200054626692409,0.9480202076611696,14,224,224,"[1.0, 1.0, 1.0, 1.0, 1.0, 0.0, 0.0, 0.0, 0.0, 0.0, 0.0, 0.0, 0.0, 0.0, 0.0, 0.0, 0.0, 0.0, 0.0, 0.0]"
0.01944298437078823,15,0.9454545454545454,0.8193672136982159,6.672455818517337,7.200054626692409,0.9477303190664812,15,224,224,"[1.0, 1.0, 1.0, 1.0, 1.0, 0.0, 0.0, 0.0, 0.0, 0.0, 0.0, 0.0, 0.0, 0.0, 0.0, 0.0, 0.0, 0.0, 0.0, 0.0]"
0.023205572371097348,16,0.9464285714285714,0.8178571688581872,6.682854290671506,7.2547702591507965,0.948639554636819,14,224,224,"[1.0, 1.0, 1.0, 1.0, 1.0, 0.0, 0.0, 0.0, 0.0, 0.0, 0.0, 0.0, 0.0, 0.0, 0.0, 0.0, 0.0, 0.0, 0.0, 0.0]"
0.023205572371097348,16,0.9473684210526315,0.816858613823063,6.690850364317532,7.2547702591507965,0.9485119236143011,15,224,224,"[1.0, 1.0, 1.0, 1.0, 1.0, 0.0, 0.0, 0.0, 0.0, 0.0, 0.0, 0.0, 0.0, 0.0, 0.0, 0.0, 0.0, 0.0, 0.0, 0.0]"
0.023205572371097348,16,0.9482758620689655,0.8143314251633677,6.698114937377437,7.2547702591507965,0.9482343947065288,13,224,224,"[1.0, 1.0, 1.0, 1.0, 1.0, 0.0, 0.0, 0.0, 0.0, 0.0, 0.0, 0.0, 0.0, 0.0, 0.0, 0.0, 0.0, 0.0, 0.0, 0.0]"
0.023205572371097348,16,0.9491525423728814,0.816281107272245,6.7050647390605,7.2547702591507965,0.9491109918739836,15,224,224,"[1.0, 1.0, 1.0, 1.0, 1.0, 0.0, 0.0, 0.0, 0.0, 0.0, 0.0, 0.0, 0.0, 0.0, 0.0, 0.0, 0.0, 0.0, 0.0, 0.0]"
0.023205572371097348,16,0.95,0.8169328375607422,6.712000163564772,7.2547702591507965,0.9499510357777278,15,224,224,"[1.0, 1.0, 1.0, 1.0, 1.0, 0.0, 0.0, 0.0, 0.0, 0.0, 0.0, 0.0, 0.0, 0.0, 0.0, 0.0, 0.0, 0.0, 0.0, 0.0]"
0.023205572371097348,16,0.9508196721311475,0.8185192504940161,6.719021773931972,7.2547702591507965,0.9507715066925424,15,224,224,"[1.0, 1.0, 1.0, 1.0, 1.0, 0.0, 0.0, 0.0, 0.0, 0.0, 0.0, 0.0, 0.0, 0.0, 0.0, 0.0, 0.0, 0.0, 0.0, 0.0]"
0.023205572371097348,16,0.9516129032258065,0.820409296340009,6.72590389403315,7.2547702591507965,0.9515655069581924,15,224,224,"[1.0, 1.0, 1.0, 1.0, 1.0, 0.0, 0.0, 0.0, 0.0, 0.0, 0.0, 0.0, 0.0, 0.0, 0.0, 0.0, 0.0, 0.0, 0.0, 0.0]"
0.023205572371097348,16,0.9523809523809523,0.8197031131610255,6.732437758115413,7.2547702591507965,0.952216004568433,14,224,224,"[1.0, 1.0, 1.0, 1.0, 1.0, 0.0, 0.0, 0.0, 0.0, 0.0, 0.0, 0.0, 0.0, 0.0, 0.0, 0.0, 0.0, 0.0, 0.0, 0.0]"
0.023205572371097348,16,0.953125,0.8197964539286229,6.737685821764447,7.2547702591507965,0.9527798341587186,15,224,224,"[1.0, 1.0, 1.0, 1.0, 1.0, 0.0, 0.0, 0.0, 0.0, 0.0, 0.0, 0.0, 0.0, 0.0, 0.0, 0.0, 0.0, 0.0, 0.0, 0.0]"
0.023205572371097348,16,0.9538461538461539,0.8207188573021628,6.743828415720836,7.2547702591507965,0.953499647287222,15,224,224,"[1.0, 1.0, 1.0, 1.0, 1.0, 0.0, 0.0, 0.0, 0.0, 0.0, 0.0, 0.0, 0.0, 0.0, 0.0, 0.0, 0.0, 0.0, 0.0, 0.0]"
0.023205572371097348,16,0.9545454545454546,0.821783946898596,6.749547241528673,7.2547702591507965,0.9541989077221263,14,224,224,"[1.0, 1.0, 1.0, 1.0, 1.0, 0.0, 0.0, 0.0, 0.0, 0.0, 0.0, 0.0, 0.0, 0.0, 0.0, 0.0, 0.0, 0.0, 0.0, 0.0]"
0.023205572371097348,16,0.9552238805970149,0.82373068413484,6.7553716592227016,7.2547702591507965,0.9548825043350903,14,224,224,"[1.0, 1.0, 1.0, 1.0, 1.0, 0.0, 0.0, 0.0, 0.0, 0.0, 0.0, 0.0, 0.0, 0.0, 0.0, 0.0, 0.0, 0.0, 0.0, 0.0]"
0.023205572371097348,16,0.9558823529411765,0.825404984807166,6.760936966155481,7.2547702591507965,0.9555459934122422,15,224,224,"[1.0, 1.0, 1.0, 1.0, 1.0, 0.0, 0.0, 0.0, 0.0, 0.0, 0.0, 0.0, 0.0, 0.0, 0.0, 0.0, 0.0, 0.0, 0.0, 0.0]"
0.023205572371097348,16,0.9565217391304348,0.8270010665959363,6.766411987772696,7.2547702591507965,0.9561900902485502,14,224,224,"[1.0, 1.0, 1.0, 1.0, 1.0, 0.0, 0.0, 0.0, 0.0, 0.0, 0.0, 0.0, 0.0, 0.0, 0.0, 0.0, 0.0, 0.0, 0.0, 0.0]"
0.023205572371097348,16,0.9571428571428572,0.8286261687357239,6.771630642938558,7.2547702591507965,0.9568147012165614,13,224,224,"[1.0, 1.0, 1.0, 1.0, 1.0, 0.0, 0.0, 0.0, 0.0, 0.0, 0.0, 0.0, 0.0, 0.0, 0.0, 0.0, 0.0, 0.0, 0.0, 0.0]"
0.023205572371097348,16,0.9577464788732394,0.8302271587153708,6.777241397894539,7.2547702591507965,0.9574204003307182,33,224,224,"[1.0, 1.0, 1.0, 1.0, 1.0, 0.0, 0.0, 0.0, 0.0, 0.0, 0.0, 0.0, 0.0, 0.0, 0.0, 0.0, 0.0, 0.0, 0.0, 0.0]"
0.023205572371097348,16,0.9583333333333334,0.8312254964201965,6.782486855382538,7.2547702591507965,0.9580071808563339,14,224,224,"[1.0, 1.0, 1.0, 1.0, 1.0, 0.0, 0.0, 0.0, 0.0, 0.0, 0.0, 0.0, 0.0, 0.0, 0.0, 0.0, 0.0, 0.0, 0.0, 0.0]"
0.023205572371097348,16,0.958904109589041,0.8320676191042695,6.786607993258773,7.2547702591507965,0.958582292680871,14,224,224,"[1.0, 1.0, 1.0, 1.0, 1.0, 0.0, 0.0, 0.0, 0.0, 0.0, 0.0, 0.0, 0.0, 0.0, 0.0, 0.0, 0.0, 0.0, 0.0, 0.0]"
0.023205572371097348,16,0.9594594594594594,0.8308467498210906,6.79117035686038,7.2547702591507965,0.9590700147925196,15,224,224,"[1.0, 1.0, 1.0, 1.0, 1.0, 0.0, 0.0, 0.0, 0.0, 0.0, 0.0, 0.0, 0.0, 0.0, 0.0, 0.0, 0.0, 0.0, 0.0, 0.0]"
0.023205572371097348,16,0.96,0.8311131662694425,6.795531230506767,7.2547702591507965,0.9587436827023824,33,224,224,"[1.0, 1.0, 1.0, 1.0, 1.0, 0.0, 0.0, 0.0, 0.0, 0.0, 0.0, 0.0, 0.0, 0.0, 0.0, 0.0, 0.0, 0.0, 0.0, 0.0]"
0.023205572371097348,16,0.9605263157894737,0.8312064874493577,6.799958713570089,7.2547702591507965,0.9588663280010223,13,224,224,"[1.0, 1.0, 1.0, 1.0, 1.0, 0.0, 0.0, 0.0, 0.0, 0.0, 0.0, 0.0, 0.0, 0.0, 0.0, 0.0, 0.0, 0.0, 0.0, 0.0]"
0.023205572371097348,16,0.961038961038961,0.8322460754755459,6.8039356444884,7.2547702591507965,0.9593896385911224,15,224,224,"[1.0, 1.0, 1.0, 1.0, 1.0, 0.0, 0.0, 0.0, 0.0, 0.0, 0.0, 0.0, 0.0, 0.0, 0.0, 0.0, 0.0, 0.0, 0.0, 0.0]"
0.023205572371097348,16,0.9615384615384616,0.8314719542059251,6.808086214642415,7.2547702591507965,0.9596844223829416,15,224,224,"[1.0, 1.0, 1.0, 1.0, 1.0, 0.0, 0.0, 0.0, 0.0, 0.0, 0.0, 0.0, 0.0, 0.0, 0.0, 0.0, 0.0, 0.0, 0.0, 0.0]"
0.023205572371097348,16,0.9620253164556962,0.8306917561849083,6.8114226386480174,7.2547702591507965,0.959740694565109,15,224,224,"[1.0, 1.0, 1.0, 1.0, 1.0, 0.0, 0.0, 0.0, 0.0, 0.0, 0.0, 0.0, 0.0, 0.0, 0.0, 0.0, 0.0, 0.0, 0.0, 0.0]"
0.023205572371097348,16,0.9625,0.8307035871434335,6.815337025803655,7.2547702591507965,0.960096925497055,14,224,224,"[1.0, 1.0, 1.0, 1.0, 1.0, 0.0, 0.0, 0.0, 0.0, 0.0, 0.0, 0.0, 0.0, 0.0, 0.0, 0.0, 0.0, 0.0, 0.0, 0.0]"
0.023205572371097348,16,0.9629629629629629,0.8316945937337821,6.819367085779733,7.2547702591507965,0.9605868296858705,15,224,224,"[1.0, 1.0, 1.0, 1.0, 1.0, 0.0, 0.0, 0.0, 0.0, 0.0, 0.0, 0.0, 0.0, 0.0, 0.0, 0.0, 0.0, 0.0, 0.0, 0.0]"
0.023205572371097348,16,0.9634146341463414,0.832287451251796,6.822862864926291,7.2547702591507965,0.9610534186770276,14,224,224,"[1.0, 1.0, 1.0, 1.0, 1.0, 0.0, 0.0, 0.0, 0.0, 0.0, 0.0, 0.0, 0.0, 0.0, 0.0, 0.0, 0.0, 0.0, 0.0, 0.0]"
0.023205572371097348,16,0.963855421686747,0.8333014322057904,6.8266466957575425,7.2547702591507965,0.961522644542786,15,224,224,"[1.0, 1.0, 1.0, 1.0, 1.0, 0.0, 0.0, 0.0, 0.0, 0.0, 0.0, 0.0, 0.0, 0.0, 0.0, 0.0, 0.0, 0.0, 0.0, 0.0]"
0.023205572371097348,16,0.9523809523809523,0.8233811770604834,6.8300983895367855,7.2547702591507965,0.9500759463934672,14,224,224,"[1.0, 1.0, 1.0, 1.0, 1.0, 0.0, 0.0, 0.0, 0.0, 0.0, 0.0, 0.0, 0.0, 0.0, 0.0, 0.0, 0.0, 0.0, 0.0, 0.0]"
0.023205572371097348,16,0.9529411764705882,0.8248564261514182,6.833130976842985,7.2547702591507965,0.9506632264922646,15,224,224,"[1.0, 1.0, 1.0, 1.0, 1.0, 0.0, 0.0, 0.0, 0.0, 0.0, 0.0, 0.0, 0.0, 0.0, 0.0, 0.0, 0.0, 0.0, 0.0, 0.0]"
0.023205572371097348,16,0.9534883720930233,0.8255498257684267,6.836783266656485,7.2547702591507965,0.951019098592359,14,224,224,"[1.0, 1.0, 1.0, 1.0, 1.0, 0.0, 0.0, 0.0, 0.0, 0.0, 0.0, 0.0, 0.0, 0.0, 0.0, 0.0, 0.0, 0.0, 0.0, 0.0]"
0.023205572371097348,16,0.9425287356321839,0.8160607473113184,6.840077875701708,7.2547702591507965,0.9400878445855503,15,224,224,"[1.0, 1.0, 1.0, 1.0, 1.0, 0.0, 0.0, 0.0, 0.0, 0.0, 0.0, 0.0, 0.0, 0.0, 0.0, 0.0, 0.0, 0.0, 0.0, 0.0]"
0.023205572371097348,16,0.9431818181818182,0.8152092042244985,6.843100700157202,7.2547702591507965,0.9405590051954443,15,224,224,"[1.0, 1.0, 1.0, 1.0, 1.0, 0.0, 0.0, 0.0, 0.0, 0.0, 0.0, 0.0, 0.0, 0.0, 0.0, 0.0, 0.0, 0.0, 0.0, 0.0]"
0.023205572371097348,16,0.9438202247191011,0.8162595059380787,6.846906572862939,7.2547702591507965,0.9412057754698764,15,224,224,"[1.0, 1.0, 1.0, 1.0, 1.0, 0.0, 0.0, 0.0, 0.0, 0.0, 0.0, 0.0, 0.0, 0.0, 0.0, 0.0, 0.0, 0.0, 0.0, 0.0]"
0.023205572371097348,16,0.9444444444444444,0.8165652161457155,6.849929456884736,7.2547702591507965,0.9417543258931902,15,224,224,"[1.0, 1.0, 1.0, 1.0, 1.0, 0.0, 0.0, 0.0, 0.0, 0.0, 0.0, 0.0, 0.0, 0.0, 0.0, 0.0, 0.0, 0.0, 0.0, 0.0]"
0.023205572371097348,16,0.945054945054945,0.8160745442848298,6.852858330727627,7.2547702591507965,0.942102211517292,14,224,224,"[1.0, 1.0, 1.0, 1.0, 1.0, 0.0, 0.0, 0.0, 0.0, 0.0, 0.0, 0.0, 0.0, 0.0, 0.0, 0.0, 0.0, 0.0, 0.0, 0.0]"
0.023205572371097348,16,0.9456521739130435,0.816552152155989,6.855672847503109,7.2547702591507965,0.9424680328887441,15,224,224,"[1.0, 1.0, 1.0, 1.0, 1.0, 0.0, 0.0, 0.0, 0.0, 0.0, 0.0, 0.0, 0.0, 0.0, 0.0, 0.0, 0.0, 0.0, 0.0, 0.0]"
0.023205572371097348,16,0.946236559139785,0.8145878024699669,6.8584368567314575,7.2547702591507965,0.9428120851516724,15,224,224,"[1.0, 1.0, 1.0, 1.0, 1.0, 0.0, 0.0, 0.0, 0.0, 0.0, 0.0, 0.0, 0.0, 0.0, 0.0, 0.0, 0.0, 0.0, 0.0, 0.0]"
0.023205572371097348,16,0.9468085106382979,0.8152849543027224,6.861676780791536,7.2547702591507965,0.943420373378916,15,224,224,"[1.0, 1.0, 1.0, 1.0, 1.0, 0.0, 0.0, 0.0, 0.0, 0.0, 0.0, 0.0, 0.0, 0.0, 0.0, 0.0, 0.0, 0.0, 0.0, 0.0]"
0.023205572371097348,16,0.9473684210526315,0.8163328723948327,6.864530936804636,7.2547702591507965,0.9439634643102947,15,224,224,"[1.0, 1.0, 1.0, 1.0, 1.0, 0.0, 0.0, 0.0, 0.0, 0.0, 0.0, 0.0, 0.0, 0.0, 0.0, 0.0, 0.0, 0.0, 0.0, 0.0]"
0.023205572371097348,16,0.9479166666666666,0.8171526287784873,6.867014160829598,7.2547702591507965,0.9444641247391701,14,224,224,"[1.0, 1.0, 1.0, 1.0, 1.0, 0.0, 0.0, 0.0, 0.0, 0.0, 0.0, 0.0, 0.0, 0.0, 0.0, 0.0, 0.0, 0.0, 0.0, 0.0]"
0.023205572371097348,16,0.9484536082474226,0.8176157954836087,6.869346129716103,7.2547702591507965,0.9449574068649528,14,224,224,"[1.0, 1.0, 1.0, 1.0, 1.0, 0.0, 0.0, 0.0, 0.0, 0.0, 0.0, 0.0, 0.0, 0.0, 0.0, 0.0, 0.0, 0.0, 0.0, 0.0]"
0.023205572371097348,16,0.9489795918367347,0.8183902339616064,6.872213768496407,7.2547702591507965,0.9455141723155975,14,224,224,"[1.0, 1.0, 1.0, 1.0, 1.0, 0.0, 0.0, 0.0, 0.0, 0.0, 0.0, 0.0, 0.0, 0.0, 0.0, 0.0, 0.0, 0.0, 0.0, 0.0]"
0.023205572371097348,16,0.9494949494949495,0.8194352334069555,6.874681631176333,7.2547702591507965,0.9460644788212247,14,224,224,"[1.0, 1.0, 1.0, 1.0, 1.0, 0.0, 0.0, 0.0, 0.0, 0.0, 0.0, 0.0, 0.0, 0.0, 0.0, 0.0, 0.0, 0.0, 0.0, 0.0]"
0.023205572371097348,16,0.95,0.8205803303196103,6.878003236848006,7.2547702591507965,0.9465927016735077,14,224,224,"[1.0, 1.0, 1.0, 1.0, 1.0, 0.0, 0.0, 0.0, 0.0, 0.0, 0.0, 0.0, 0.0, 0.0, 0.0, 0.0, 0.0, 0.0, 0.0, 0.0]"
0.023205572371097348,16,0.9504950495049505,0.8213683490114904,6.880579085494546,7.2547702591507965,0.9471079695342791,14,224,224,"[1.0, 1.0, 1.0, 1.0, 1.0, 0.0, 0.0, 0.0, 0.0, 0.0, 0.0, 0.0, 0.0, 0.0, 0.0, 0.0, 0.0, 0.0, 0.0, 0.0]"
0.023205572371097348,16,0.9509803921568627,0.8217012133862331,6.883186996269521,7.2547702591507965,0.9476187579772052,14,224,224,"[1.0, 1.0, 1.0, 1.0, 1.0, 0.0, 0.0, 0.0, 0.0, 0.0, 0.0, 0.0, 0.0, 0.0, 0.0, 0.0, 0.0, 0.0, 0.0, 0.0]"
0.023205572371097348,16,0.9514563106796117,0.8228063921711466,6.885738363067394,7.2547702591507965,0.9481272037746837,14,224,224,"[1.0, 1.0, 1.0, 1.0, 1.0, 0.0, 0.0, 0.0, 0.0, 0.0, 0.0, 0.0, 0.0, 0.0, 0.0, 0.0, 0.0, 0.0, 0.0, 0.0]"
0.023205572371097348,16,0.9519230769230769,0.8239359389082238,6.888096904509544,7.2547702591507965,0.9486256264723264,15,224,224,"[1.0, 1.0, 1.0, 1.0, 1.0, 0.0, 0.0, 0.0, 0.0, 0.0, 0.0, 0.0, 0.0, 0.0, 0.0, 0.0, 0.0, 0.0, 0.0, 0.0]"
0.023205572371097348,16,0.9523809523809523,0.8244794321390437,6.890616848673702,7.2547702591507965,0.9490876356760661,15,224,224,"[1.0, 1.0, 1.0, 1.0, 1.0, 0.0, 0.0, 0.0, 0.0, 0.0, 0.0, 0.0, 0.0, 0.0, 0.0, 0.0, 0.0, 0.0, 0.0, 0.0]"
0.023205572371097348,16,0.9528301886792453,0.8255874324097077,6.893030426039812,7.2547702591507965,0.9495679230060218,14,224,224,"[1.0, 1.0, 1.0, 1.0, 1.0, 0.0, 0.0, 0.0, 0.0, 0.0, 0.0, 0.0, 0.0, 0.0, 0.0, 0.0, 0.0, 0.0, 0.0, 0.0]"
0.023205572371097348,16,0.9532710280373832,0.8254972722862938,6.895130177072784,7.2547702591507965,0.9500245568908263,14,224,224,"[1.0, 1.0, 1.0, 1.0, 1.0, 0.0, 0.0, 0.0, 0.0, 0.0, 0.0, 0.0, 0.0, 0.0, 0.0, 0.0, 0.0, 0.0, 0.0, 0.0]"
0.023205572371097348,16,0.9537037037037037,0.8261958978547002,6.897238206129457,7.2547702591507965,0.9504839325392688,13,224,224,"[1.0, 1.0, 1.0, 1.0, 1.0, 0.0, 0.0, 0.0, 0.0, 0.0, 0.0, 0.0, 0.0, 0.0, 0.0, 0.0, 0.0, 0.0, 0.0, 0.0]"
0.023205572371097348,16,0.9541284403669725,0.8243480978745162,6.899558351480826,7.2547702591507965,0.9502358693595326,15,224,224,"[1.0, 1.0, 1.0, 1.0, 1.0, 0.0, 0.0, 0.0, 0.0, 0.0, 0.0, 0.0, 0.0, 0.0, 0.0, 0.0, 0.0, 0.0, 0.0, 0.0]"
0.023205572371097348,16,0.9454545454545454,0.8168540242574752,6.901762224212757,7.2547702591507965,0.948957418311726,14,224,224,"[1.0, 1.0, 1.0, 1.0, 1.0, 0.0, 0.0, 0.0, 0.0, 0.0, 0.0, 0.0, 0.0, 0.0, 0.0, 0.0, 0.0, 0.0, 0.0, 0.0]"
0.023205572371097348,16,0.9459459459459459,0.8178995120980319,6.903747833711557,7.2547702591507965,0.9494128774952244,15,224,224,"[1.0, 1.0, 1.0, 1.0, 1.0, 0.0, 0.0, 0.0, 0.0, 0.0, 0.0, 0.0, 0.0, 0.0, 0.0, 0.0, 0.0, 0.0, 0.0, 0.0]"
0.023205572371097348,16,0.9464285714285714,0.81626477546025,6.905530815875208,7.2547702591507965,0.9490482918918133,13,224,224,"[1.0, 1.0, 1.0, 1.0, 1.0, 0.0, 0.0, 0.0, 0.0, 0.0, 0.0, 0.0, 0.0, 0.0, 0.0, 0.0, 0.0, 0.0, 0.0, 0.0]"
0.023205572371097348,16,0.9469026548672567,0.8163347624536622,6.907548232341163,7.2547702591507965,0.9492151378530317,14,224,224,"[1.0, 1.0, 1.0, 1.0, 1.0, 0.0, 0.0, 0.0, 0.0, 0.0, 0.0, 0.0, 0.0, 0.0, 0.0, 0.0, 0.0, 0.0, 0.0, 0.0]"
0.023205572371097348,16,0.9473684210526315,0.8173308887467559,6.909141259378749,7.2547702591507965,0.9496044662960789,14,224,224,"[1.0, 1.0, 1.0, 1.0, 1.0, 0.0, 0.0, 0.0, 0.0, 0.0, 0.0, 0.0, 0.0, 0.0, 0.0, 0.0, 0.0, 0.0, 0.0, 0.0]"
0.023205572371097348,16,0.9478260869565217,0.818188055093719,6.9110775008071545,7.2547702591507965,0.9500397122424582,14,224,224,"[1.0, 1.0, 1.0, 1.0, 1.0, 0.0, 0.0, 0.0, 0.0, 0.0, 0.0, 0.0, 0.0, 0.0, 0.0, 0.0, 0.0, 0.0, 0.0, 0.0]"
0.023205572371097348,16,0.9482758620689655,0.8180840752661623,6.912838538545685,7.2547702591507965,0.9501636886391146,14,224,224,"[1.0, 1.0, 1.0, 1.0, 1.0, 0.0, 0.0, 0.0, 0.0, 0.0, 0.0, 0.0, 0.0, 0.0, 0.0, 0.0, 0.0, 0.0, 0.0, 0.0]"
0.023205572371097348,16,0.9487179487179487,0.8186898823154924,6.914279928687147,7.2547702591507965,0.9505876761216384,14,224,224,"[1.0, 1.0, 1.0, 1.0, 1.0, 0.0, 0.0, 0.0, 0.0, 0.0, 0.0, 0.0, 0.0, 0.0, 0.0, 0.0, 0.0, 0.0, 0.0, 0.0]"
0.023205572371097348,16,0.9491525423728814,0.8174839078555304,6.915899162357953,7.2547702591507965,0.9492148772134619,15,224,224,"[1.0, 1.0, 1.0, 1.0, 1.0, 0.0, 0.0, 0.0, 0.0, 0.0, 0.0, 0.0, 0.0, 0.0, 0.0, 0.0, 0.0, 0.0, 0.0, 0.0]"
0.023205572371097348,16,0.9411764705882353,0.8106142951844755,6.917497050977251,7.2547702591507965,0.9412382816066261,14,224,224,"[1.0, 1.0, 1.0, 1.0, 1.0, 0.0, 0.0, 0.0, 0.0, 0.0, 0.0, 0.0, 0.0, 0.0, 0.0, 0.0, 0.0, 0.0, 0.0, 0.0]"
0.023205572371097348,16,0.9416666666666667,0.8113211741108333,6.919188227310431,7.2547702591507965,0.9416925554474195,13,224,224,"[1.0, 1.0, 1.0, 1.0, 1.0, 0.0, 0.0, 0.0, 0.0, 0.0, 0.0, 0.0, 0.0, 0.0, 0.0, 0.0, 0.0, 0.0, 0.0, 0.0]"
0.023205572371097348,16,0.9421487603305785,0.8104882850058089,6.920961772090219,7.2547702591507965,0.941891781062134,14,224,224,"[1.0, 1.0, 1.0, 1.0, 1.0, 0.0, 0.0, 0.0, 0.0, 0.0, 0.0, 0.0, 0.0, 0.0, 0.0, 0.0, 0.0, 0.0, 0.0, 0.0]"
0.00329458735984739,3,0.6666666666666666,0.6240298350652059,2.1258986959290698,2.1630977280982284,0.961390753587087,15,224,224,"[1.0, 1.0, 1.0, 1.0, 1.0, 0.0, 0.0, 0.0, 0.0, 0.0, 0.0, 0.0, 0.0, 0.0, 0.0, 0.0, 0.0, 0.0, 0.0, 0.0]"
0.00329458735984739,3,0.75,0.6678077131509781,2.089503456715141,2.1630977280982284,0.9616398513317108,14,224,224,"[1.0, 1.0, 1.0, 1.0, 1.0, 0.0, 0.0, 0.0, 0.0, 0.0, 0.0, 0.0, 0.0, 0.0, 0.0, 0.0, 0.0, 0.0, 0.0, 0.0]"
0.0033361556678861773,3,0.8,0.7236954847971598,2.088538336220877,2.1630977280982284,0.9599321484565735,15,224,224,"[1.0, 1.0, 1.0, 1.0, 1.0, 0.0, 0.0, 0.0, 0.0, 0.0, 0.0, 0.0, 0.0, 0.0, 0.0, 0.0, 0.0, 0.0, 0.0, 0.0]"
0.0033361556678861773,3,0.6666666666666666,0.6030795706642998,2.084954190431755,2.1630977280982284,0.9334160486857096,14,224,224,"[1.0, 1.0, 1.0, 1.0, 1.0, 0.0, 0.0, 0.0, 0.0, 0.0, 0.0, 0.0, 0.0, 0.0, 0.0, 0.0, 0.0, 0.0, 0.0, 0.0]"
0.006499981282645277,4,0.7142857142857143,0.6449910728704362,2.3342901732550523,3.830306070194836,0.9317515577588763,15,224,224,"[1.0, 1.0, 1.0, 1.0, 1.0, 0.0, 0.0, 0.0, 0.0, 0.0, 0.0, 0.0, 0.0, 0.0, 0.0, 0.0, 0.0, 0.0, 0.0, 0.0]"
0.006499981282645277,4,0.75,0.6795710610846679,2.522038264608965,3.8362749040863546,0.9304864853620529,33,224,224,"[1.0, 1.0, 1.0, 1.0, 1.0, 0.0, 0.0, 0.0, 0.0, 0.0, 0.0, 0.0, 0.0, 0.0, 0.0, 0.0, 0.0, 0.0, 0.0, 0.0]"
0.01100840203748216,4,0.7777777777777778,0.7022248661076582,3.032236743559297,7.113824575161952,0.9325463109546237,13,224,224,"[1.0, 1.0, 1.0, 1.0, 1.0, 0.0, 0.0, 0.0, 0.0, 0.0, 0.0, 0.0, 0.0, 0.0, 0.0, 0.0, 0.0, 0.0, 0.0, 0.0]"
0.01100840203748216,4,0.8,0.7205937494834265,3.4404764512888577,7.114633820854905,0.9297206580638886,14,224,224,"[1.0, 1.0, 1.0, 1.0, 1.0, 0.0, 0.0, 0.0, 0.0, 0.0, 0.0, 0.0, 0.0, 0.0, 0.0, 0.0, 0.0, 0.0, 0.0, 0.0]"
0.01100840203748216,4,0.8181818181818182,0.7274887254743866,3.77303722654292,7.114633820854905,0.9278934272852811,15,224,224,"[1.0, 1.0, 1.0, 1.0, 1.0, 0.0, 0.0, 0.0, 0.0, 0.0, 0.0, 0.0, 0.0, 0.0, 0.0, 0.0, 0.0, 0.0, 0.0, 0.0]"
0.01100840203748216,4,0.8333333333333334,0.7412659890121884,4.052963037040713,7.132146952516426,0.9277142832676569,15,224,224,"[1.0, 1.0, 1.0, 1.0, 1.0, 0.0, 0.0, 0.0, 0.0, 0.0, 0.0, 0.0, 0.0, 0.0, 0.0, 0.0, 0.0, 0.0, 0.0, 0.0]"
0.01100840203748216,4,0.8461538461538461,0.7530088050243182,4.288660025264139,7.132146952516426,0.9277715866382306,15,224,224,"[1.0, 1.0, 1.0, 1.0, 1.0, 0.0, 0.0, 0.0, 0.0, 0.0, 0.0, 0.0, 0.0, 0.0, 0.0, 0.0, 0.0, 0.0, 0.0, 0.0]"
0.01100840203748216,4,0.8571428571428571,0.762653855695611,4.491390102164915,7.132146952516426,0.9277715044362205,15,224,224,"[1.0, 1.0, 1.0, 1.0, 1.0, 0.0, 0.0, 0.0, 0.0, 0.0, 0.0, 0.0, 0.0, 0.0, 0.0, 0.0, 0.0, 0.0, 0.0, 0.0]"
0.01100840203748216,4,0.8666666666666667,0.7712426536613041,4.662370752126429,7.132146952516426,0.9290709535280863,14,224,224,"[1.0, 1.0, 1.0, 1.0, 1.0, 0.0, 0.0, 0.0, 0.0, 0.0, 0.0, 0.0, 0.0, 0.0, 0.0, 0.0, 0.0, 0.0, 0.0, 0.0]"
0.01100840203748216,4,0.875,0.776841678035756,4.814193017653479,7.132146952516426,0.9289386235177517,15,224,224,"[1.0, 1.0, 1.0, 1.0, 1.0, 0.0, 0.0, 0.0, 0.0, 0.0, 0.0, 0.0, 0.0, 0.0, 0.0, 0.0, 0.0, 0.0, 0.0, 0.0]"
0.01100840203748216,4,0.8823529411764706,0.7841288546721141,4.949437116766021,7.132146952516426,0.9298708614181069,14,224,224,"[1.0, 1.0, 1.0, 1.0, 1.0, 0.0, 0.0, 0.0, 0.0, 0.0, 0.0, 0.0, 0.0, 0.0, 0.0, 0.0, 0.0, 0.0, 0.0, 0.0]"
0.01131999673746023,5,0.8888888888888888,0.7909646465822502,5.070645539470107,7.132146952516426,0.9335406819979349,15,224,224,"[1.0, 1.0, 1.0, 1.0, 1.0, 0.0, 0.0, 0.0, 0.0, 0.0, 0.0, 0.0, 0.0, 0.0, 0.0, 0.0, 0.0, 0.0, 0.0, 0.0]"
0.016804851811249164,6,0.8947368421052632,0.798078607676322,5.179111456015654,7.132146952516426,0.9370158502930089,15,224,224,"[1.0, 1.0, 1.0, 1.0, 1.0, 0.0, 0.0, 0.0, 0.0, 0.0, 0.0, 0.0, 0.0, 0.0, 0.0, 0.0, 0.0, 0.0, 0.0, 0.0]"
0.016804851811249164,6,0.9,0.8038241561253866,5.274274528409773,7.132146952516426,0.9401644915342331,12,224,224,"[1.0, 1.0, 1.0, 1.0, 1.0, 0.0, 0.0, 0.0, 0.0, 0.0, 0.0, 0.0, 0.0, 0.0, 0.0, 0.0, 0.0, 0.0, 0.0, 0.0]"
0.016804851811249164,6,0.9047619047619048,0.8080893013212416,5.363073819664901,7.139059644767466,0.9427915243875413,14,224,224,"[1.0, 1.0, 1.0, 1.0, 1.0, 0.0, 0.0, 0.0, 0.0, 0.0, 0.0, 0.0, 0.0, 0.0, 0.0, 0.0, 0.0, 0.0, 0.0, 0.0]"
0.016804851811249164,6,0.9090909090909091,0.8100667118123084,5.444034288937171,7.1442041436548465,0.9453485364263708,15,224,224,"[1.0, 1.0, 1.0, 1.0, 1.0, 0.0, 0.0, 0.0, 0.0, 0.0, 0.0, 0.0, 0.0, 0.0, 0.0, 0.0, 0.0, 0.0, 0.0, 0.0]"
0.016804851811249164,6,0.9130434782608695,0.814471623690232,5.518591149900758,7.1588420910996655,0.9477203384689663,15,224,224,"[1.0, 1.0, 1.0, 1.0, 1.0, 0.0, 0.0, 0.0, 0.0, 0.0, 0.0, 0.0, 0.0, 0.0, 0.0, 0.0, 0.0, 0.0, 0.0, 0.0]"
0.016804851811249164,6,0.9166666666666666,0.8142907018048895,5.585209590127395,7.1588420910996655,0.9474163527290026,14,224,224,"[1.0, 1.0, 1.0, 1.0, 1.0, 0.0, 0.0, 0.0, 0.0, 0.0, 0.0, 0.0, 0.0, 0.0, 0.0, 0.0, 0.0, 0.0, 0.0, 0.0]"
0.017675754738927185,7,0.92,0.818674091435614,5.647804324320214,7.1588420910996655,0.9482715535163879,14,224,224,"[1.0, 1.0, 1.0, 1.0, 1.0, 0.0, 0.0, 0.0, 0.0, 0.0, 0.0, 0.0, 0.0, 0.0, 0.0, 0.0, 0.0, 0.0, 0.0, 0.0]"
0.017825260597325844,8,0.9230769230769231,0.8218672717201622,5.705461103375307,7.1588420910996655,0.9499501287937164,15,224,224,"[1.0, 1.0, 1.0, 1.0, 1.0, 0.0, 0.0, 0.0, 0.0, 0.0, 0.0, 0.0, 0.0, 0.0, 0.0, 0.0, 0.0, 0.0, 0.0, 0.0]"
0.017825260597325844,8,0.9259259259259259,0.8257726238071392,5.757685700421816,7.1588420910996655,0.9513824604175709,14,224,224,"[1.0, 1.0, 1.0, 1.0, 1.0, 0.0, 0.0, 0.0, 0.0, 0.0, 0.0, 0.0, 0.0, 0.0, 0.0, 0.0, 0.0, 0.0, 0.0, 0.0]"
0.017859681623383035,9,0.9285714285714286,0.8262260694327065,5.806498003902667,7.1588420910996655,0.9508280264479774,14,224,224,"[1.0, 1.0, 1.0, 1.0, 1.0, 0.0, 0.0, 0.0, 0.0, 0.0, 0.0, 0.0, 0.0, 0.0, 0.0, 0.0, 0.0, 0.0, 0.0, 0.0]"
0.017859681623383035,9,0.9310344827586207,0.8275507853837958,5.851635058986888,7.1588420910996655,0.9518770000030254,33,224,224,"[1.0, 1.0, 1.0, 1.0, 1.0, 0.0, 0.0, 0.0, 0.0, 0.0, 0.0, 0.0, 0.0, 0.0, 0.0, 0.0, 0.0, 0.0, 0.0, 0.0]"
0.018470515036970083,10,0.9333333333333333,0.8280331274733026,5.894294504041952,7.1588420910996655,0.9201477666695913,33,224,224,"[1.0, 1.0, 1.0, 1.0, 1.0, 0.0, 0.0, 0.0, 0.0, 0.0, 0.0, 0.0, 0.0, 0.0, 0.0, 0.0, 0.0, 0.0, 0.0, 0.0]"
0.018470515036970083,10,0.9354838709677419,0.8247426819607532,5.934164046064115,7.1588420910996655,0.9195713554659197,14,224,224,"[1.0, 1.0, 1.0, 1.0, 1.0, 0.0, 0.0, 0.0, 0.0, 0.0, 0.0, 0.0, 0.0, 0.0, 0.0, 0.0, 0.0, 0.0, 0.0, 0.0]"
0.018470515036970083,10,0.9375,0.8286975652164232,5.972692449521042,7.167072956685773,0.922084154561162,12,224,224,"[1.0, 1.0, 1.0, 1.0, 1.0, 0.0, 0.0, 0.0, 0.0, 0.0, 0.0, 0.0, 0.0, 0.0, 0.0, 0.0, 0.0, 0.0, 0.0, 0.0]"
0.018470515036970083,10,0.9393939393939394,0.8308368870885456,6.006649438770597,7.167072956685773,0.924105375102072,14,224,224,"[1.0, 1.0, 1.0, 1.0, 1.0, 0.0, 0.0, 0.0, 0.0, 0.0, 0.0, 0.0, 0.0, 0.0, 0.0, 0.0, 0.0, 0.0, 0.0, 0.0]"
0.018556997220561713,11,0.9411764705882353,0.8271961650211994,6.039347579826134,7.167072956685773,0.9250469435663784,14,224,224,"[1.0, 1.0, 1.0, 1.0, 1.0, 0.0, 0.0, 0.0, 0.0, 0.0, 0.0, 0.0, 0.0, 0.0, 0.0, 0.0, 0.0, 0.0, 0.0, 0.0]"
0.018556997220561713,11,0.9428571428571428,0.8282015670220082,6.070016001544341,7.167072956685773,0.9263189571244376,14,224,224,"[1.0, 1.0, 1.0, 1.0, 1.0, 0.0, 0.0, 0.0, 0.0, 0.0, 0.0, 0.0, 0.0, 0.0, 0.0, 0.0, 0.0, 0.0, 0.0, 0.0]"
0.018591318869234208,12,0.9444444444444444,0.8296470927993481,6.09811308394326,7.167072956685773,0.928314263621966,14,224,224,"[1.0, 1.0, 1.0, 1.0, 1.0, 0.0, 0.0, 0.0, 0.0, 0.0, 0.0, 0.0, 0.0, 0.0, 0.0, 0.0, 0.0, 0.0, 0.0, 0.0]"
0.018654365737329086,13,0.9459459459459459,0.8320730811201386,6.126585877319818,7.167072956685773,0.930249670067349,14,224,224,"[1.0, 1.0, 1.0, 1.0, 1.0, 0.0, 0.0, 0.0, 0.0, 0.0, 0.0, 0.0, 0.0, 0.0, 0.0, 0.0, 0.0, 0.0, 0.0, 0.0]"
0.01894598299398171,14,0.9473684210526315,0.8348178973821242,6.153270823221362,7.167072956685773,0.9320417219086697,14,224,224,"[1.0, 1.0, 1.0, 1.0, 1.0, 0.0, 0.0, 0.0, 0.0, 0.0, 0.0, 0.0, 0.0, 0.0, 0.0, 0.0, 0.0, 0.0, 0.0, 0.0]"
0.01894598299398171,14,0.9487179487179487,0.8356458409850338,6.178570183759411,7.167072956685773,0.9330959381201328,14,224,224,"[1.0, 1.0, 1.0, 1.0, 1.0, 0.0, 0.0, 0.0, 0.0, 0.0, 0.0, 0.0, 0.0, 0.0, 0.0, 0.0, 0.0, 0.0, 0.0, 0.0]"
0.01944298437078823,15,0.95,0.8383311738191968,6.201687862532447,7.167072956685773,0.9347681939601898,13,224,224,"[1.0, 1.0, 1.0, 1.0, 1.0, 0.0, 0.0, 0.0, 0.0, 0.0, 0.0, 0.0, 0.0, 0.0, 0.0, 0.0, 0.0, 0.0, 0.0, 0.0]"
0.01944298437078823,15,0.9512195121951219,0.840751184255992,6.224813127322311,7.167072956685773,0.9363461020516186,15,224,224,"[1.0, 1.0, 1.0, 1.0, 1.0, 0.0, 0.0, 0.0, 0.0, 0.0, 0.0, 0.0, 0.0, 0.0, 0.0, 0.0, 0.0, 0.0, 0.0, 0.0]"
0.023205572371097348,16,0.9523809523809523,0.8390556535426515,6.246894607012269,7.167072956685773,0.9371100451265063,13,224,224,"[1.0, 1.0, 1.0, 1.0, 1.0, 0.0, 0.0, 0.0, 0.0, 0.0, 0.0, 0.0, 0.0, 0.0, 0.0, 0.0, 0.0, 0.0, 0.0, 0.0]"
0.023205572371097348,16,0.9534883720930233,0.8357232959227899,6.268154652432952,7.167072956685773,0.9372422362482825,14,224,224,"[1.0, 1.0, 1.0, 1.0, 1.0, 0.0, 0.0, 0.0, 0.0, 0.0, 0.0, 0.0, 0.0, 0.0, 0.0, 0.0, 0.0, 0.0, 0.0, 0.0]"
0.023205572371097348,16,0.9545454545454546,0.838172230304545,6.287678325937761,7.167072956685773,0.9386685273864053,14,224,224,"[1.0, 1.0, 1.0, 1.0, 1.0, 0.0, 0.0, 0.0, 0.0, 0.0, 0.0, 0.0, 0.0, 0.0, 0.0, 0.0, 0.0, 0.0, 0.0, 0.0]"
0.023205572371097348,16,0.9555555555555556,0.8339970003670166,6.305990697860117,7.167072956685773,0.9178092267778185,14,224,224,"[1.0, 1.0, 1.0, 1.0, 1.0, 0.0, 0.0, 0.0, 0.0, 0.0, 0.0, 0.0, 0.0, 0.0, 0.0, 0.0, 0.0, 0.0, 0.0, 0.0]"
0.023205572371097348,16,0.9565217391304348,0.8363991218033411,6.323944579746792,7.167072956685773,0.9195901349834774,13,224,224,"[1.0, 1.0, 1.0, 1.0, 1.0, 0.0, 0.0, 0.0, 0.0, 0.0, 0.0, 0.0, 0.0, 0.0, 0.0, 0.0, 0.0, 0.0, 0.0, 0.0]"
0.023205572371097348,16,0.9574468085106383,0.8383729096681872,6.3404313232903435,7.167072956685773,0.9213004657562743,15,224,224,"[1.0, 1.0, 1.0, 1.0, 1.0, 0.0, 0.0, 0.0, 0.0, 0.0, 0.0, 0.0, 0.0, 0.0, 0.0, 0.0, 0.0, 0.0, 0.0, 0.0]"
0.023205572371097348,16,0.9583333333333334,0.8406546614076053,6.356804482833542,7.167072956685773,0.9229398829241594,13,224,224,"[1.0, 1.0, 1.0, 1.0, 1.0, 0.0, 0.0, 0.0, 0.0, 0.0, 0.0, 0.0, 0.0, 0.0, 0.0, 0.0, 0.0, 0.0, 0.0, 0.0]"
0.023205572371097348,16,0.9591836734693877,0.8399438620774458,6.3730323841425225,7.167072956685773,0.9244932155219876,15,224,224,"[1.0, 1.0, 1.0, 1.0, 1.0, 0.0, 0.0, 0.0, 0.0, 0.0, 0.0, 0.0, 0.0, 0.0, 0.0, 0.0, 0.0, 0.0, 0.0, 0.0]"
0.023205572371097348,16,0.96,0.8412543615842998,6.388441018997537,7.167072956685773,0.9258710491657257,14,224,224,"[1.0, 1.0, 1.0, 1.0, 1.0, 0.0, 0.0, 0.0, 0.0, 0.0, 0.0, 0.0, 0.0, 0.0, 0.0, 0.0, 0.0, 0.0, 0.0, 0.0]"
0.023205572371097348,16,0.9607843137254902,0.8433416666884379,6.402042817276937,7.167072956685773,0.9273245439809912,14,224,224,"[1.0, 1.0, 1.0, 1.0, 1.0, 0.0, 0.0, 0.0, 0.0, 0.0, 0.0, 0.0, 0.0, 0.0, 0.0, 0.0, 0.0, 0.0, 0.0, 0.0]"
0.023205572371097348,16,0.9615384615384616,0.8416038351510905,6.415123625253171,7.167072956685773,0.9286415473772929,14,224,224,"[1.0, 1.0, 1.0, 1.0, 1.0, 0.0, 0.0, 0.0, 0.0, 0.0, 0.0, 0.0, 0.0, 0.0, 0.0, 0.0, 0.0, 0.0, 0.0, 0.0]"
0.023205572371097348,16,0.9622641509433962,0.8430519909552376,6.428747222722329,7.167072956685773,0.9299061433324274,14,224,224,"[1.0, 1.0, 1.0, 1.0, 1.0, 0.0, 0.0, 0.0, 0.0, 0.0, 0.0, 0.0, 0.0, 0.0, 0.0, 0.0, 0.0, 0.0, 0.0, 0.0]"
0.023205572371097348,16,0.9629629629629629,0.8439150616844072,6.441557733237224,7.167072956685773,0.9311748279465569,14,224,224,"[1.0, 1.0, 1.0, 1.0, 1.0, 0.0, 0.0, 0.0, 0.0, 0.0, 0.0, 0.0, 0.0, 0.0, 0.0, 0.0, 0.0, 0.0, 0.0, 0.0]"
0.023205572371097348,16,0.9636363636363636,0.8451878175722053,6.453703237403337,7.167072956685773,0.9323252894661643,14,224,224,"[1.0, 1.0, 1.0, 1.0, 1.0, 0.0, 0.0, 0.0, 0.0, 0.0, 0.0, 0.0, 0.0, 0.0, 0.0, 0.0, 0.0, 0.0, 0.0, 0.0]"
0.023205572371097348,16,0.9642857142857143,0.8448373117125051,6.465291643351786,7.167072956685773,0.9333181657961437,15,224,224,"[1.0, 1.0, 1.0, 1.0, 1.0, 0.0, 0.0, 0.0, 0.0, 0.0, 0.0, 0.0, 0.0, 0.0, 0.0, 0.0, 0.0, 0.0, 0.0, 0.0]"
0.023205572371097348,16,0.9649122807017544,0.8453977346459624,6.476917465063346,7.167072956685773,0.9340168070374874,33,224,224,"[1.0, 1.0, 1.0, 1.0, 1.0, 0.0, 0.0, 0.0, 0.0, 0.0, 0.0, 0.0, 0.0, 0.0, 0.0, 0.0, 0.0, 0.0, 0.0, 0.0]"
0.023205572371097348,16,0.9482758620689655,0.830821911634825,6.487997241839604,7.167072956685773,0.9179130689851169,15,224,224,"[1.0, 1.0, 1.0, 1.0, 1.0, 0.0, 0.0, 0.0, 0.0, 0.0, 0.0, 0.0, 0.0, 0.0, 0.0, 0.0, 0.0, 0.0, 0.0, 0.0]"
0.023205572371097348,16,0.9491525423728814,0.8290099515141833,6.49939470369639,7.167072956685773,0.9179881235300484,14,224,224,"[1.0, 1.0, 1.0, 1.0, 1.0, 0.0, 0.0, 0.0, 0.0, 0.0, 0.0, 0.0, 0.0, 0.0, 0.0, 0.0, 0.0, 0.0, 0.0, 0.0]"
0.023205572371097348,16,0.95,0.8307925191044567,6.509460040510597,7.167072956685773,0.9193538576364517,14,224,224,"[1.0, 1.0, 1.0, 1.0, 1.0, 0.0, 0.0, 0.0, 0.0, 0.0, 0.0, 0.0, 0.0, 0.0, 0.0, 0.0, 0.0, 0.0, 0.0, 0.0]"
0.023205572371097348,16,0.9508196721311475,0.8311117941502429,6.519687271343711,7.167072956685773,0.9206061226422669,14,224,224,"[1.0, 1.0, 1.0, 1.0, 1.0, 0.0, 0.0, 0.0, 0.0, 0.0, 0.0, 0.0, 0.0, 0.0, 0.0, 0.0, 0.0, 0.0, 0.0, 0.0]"
0.023205572371097348,16,0.9516129032258065,0.8261193229565466,6.529036036561369,7.167072956685773,0.9183623483104091,14,224,224,"[1.0, 1.0, 1.0, 1.0, 1.0, 0.0, 0.0, 0.0, 0.0, 0.0, 0.0, 0.0, 0.0, 0.0, 0.0, 0.0, 0.0, 0.0, 0.0, 0.0]"
0.023205572371097348,16,0.9523809523809523,0.8258091931965929,6.539016097165754,7.167072956685773,0.9191075941872975,15,224,224,"[1.0, 1.0, 1.0, 1.0, 1.0, 0.0, 0.0, 0.0, 0.0, 0.0, 0.0, 0.0, 0.0, 0.0, 0.0, 0.0, 0.0, 0.0, 0.0, 0.0]"
0.023205572371097348,16,0.9375,0.8129059245528961,6.547503561305631,7.167072956685773,0.904746538028121,15,224,224,"[1.0, 1.0, 1.0, 1.0, 1.0, 0.0, 0.0, 0.0, 0.0, 0.0, 0.0, 0.0, 0.0, 0.0, 0.0, 0.0, 0.0, 0.0, 0.0, 0.0]"
0.023205572371097348,16,0.9384615384615385,0.8148594350606965,6.556785459083071,7.167072956685773,0.906205612879533,15,224,224,"[1.0, 1.0, 1.0, 1.0, 1.0, 0.0, 0.0, 0.0, 0.0, 0.0, 0.0, 0.0, 0.0, 0.0, 0.0, 0.0, 0.0, 0.0, 0.0, 0.0]"
0.023205572371097348,16,0.9393939393939394,0.8154301076234137,6.565339456802742,7.167072956685773,0.9074781518993955,14,224,224,"[1.0, 1.0, 1.0, 1.0, 1.0, 0.0, 0.0, 0.0, 0.0, 0.0, 0.0, 0.0, 0.0, 0.0, 0.0, 0.0, 0.0, 0.0, 0.0, 0.0]"
0.023205572371097348,16,0.9253731343283582,0.8032595090021687,6.5741773875140455,7.167072956685773,0.8939337018710464,14,224,224,"[1.0, 1.0, 1.0, 1.0, 1.0, 0.0, 0.0, 0.0, 0.0, 0.0, 0.0, 0.0, 0.0, 0.0, 0.0, 0.0, 0.0, 0.0, 0.0, 0.0]"
0.023205572371097348,16,0.9264705882352942,0.8042175811304909,6.582238226086354,7.167072956685773,0.8954117710099501,15,224,224,"[1.0, 1.0, 1.0, 1.0, 1.0, 0.0, 0.0, 0.0, 0.0, 0.0, 0.0, 0.0, 0.0, 0.0, 0.0, 0.0, 0.0, 0.0, 0.0, 0.0]"
0.023205572371097348,16,0.927536231884058,0.8056809898277265,6.58983461067897,7.167072956685773,0.8969190803127013,15,224,224,"[1.0, 1.0, 1.0, 1.0, 1.0, 0.0, 0.0, 0.0, 0.0, 0.0, 0.0, 0.0, 0.0, 0.0, 0.0, 0.0, 0.0, 0.0, 0.0, 0.0]"
0.023205572371097348,16,0.9285714285714286,0.8040575076400522,6.597844676179353,7.167072956685773,0.8841059505939484,14,224,224,"[1.0, 1.0, 1.0, 1.0, 1.0, 0.0, 0.0, 0.0, 0.0, 0.0, 0.0, 0.0, 0.0, 0.0, 0.0, 0.0, 0.0, 0.0, 0.0, 0.0]"
0.023205572371097348,16,0.9295774647887324,0.8048591753520734,6.605300668984347,7.167072956685773,0.8857349828935005,15,224,224,"[1.0, 1.0, 1.0, 1.0, 1.0, 0.0, 0.0, 0.0, 0.0, 0.0, 0.0, 0.0, 0.0, 0.0, 0.0, 0.0, 0.0, 0.0, 0.0, 0.0]"
0.023205572371097348,16,0.9305555555555556,0.8034167871267567,6.612482296046034,7.167072956685773,0.8873215897215737,14,224,224,"[1.0, 1.0, 1.0, 1.0, 1.0, 0.0, 0.0, 0.0, 0.0, 0.0, 0.0, 0.0, 0.0, 0.0, 0.0, 0.0, 0.0, 0.0, 0.0, 0.0]"
0.003833157044692698,4,1.0,0.6840378377172681,2.066981226335621,2.0853497457787635,0.9007989565531412,14,224,224,"[1.0, 1.0, 1.0, 1.0, 1.0, 0.0, 0.0, 0.0, 0.0, 0.0, 0.0, 0.0, 0.0, 0.0, 0.0, 0.0, 0.0, 0.0, 0.0, 0.0]"
0.006499981282645277,4,1.0,0.7355900394419829,2.5032440670190637,3.8120325890693914,0.9093722105026245,14,224,224,"[1.0, 1.0, 1.0, 1.0, 1.0, 0.0, 0.0, 0.0, 0.0, 0.0, 0.0, 0.0, 0.0, 0.0, 0.0, 0.0, 0.0, 0.0, 0.0, 0.0]"
0.006499981282645277,4,1.0,0.7685760488112767,2.7694869379688702,3.8344584217680953,0.9110514283180237,15,224,224,"[1.0, 1.0, 1.0, 1.0, 1.0, 0.0, 0.0, 0.0, 0.0, 0.0, 0.0, 0.0, 0.0, 0.0, 0.0, 0.0, 0.0, 0.0, 0.0, 0.0]"
0.01100840203748216,4,1.0,0.7793983312116728,3.501780512852014,7.163248387267734,0.910586396853129,14,224,224,"[1.0, 1.0, 1.0, 1.0, 1.0, 0.0, 0.0, 0.0, 0.0, 0.0, 0.0, 0.0, 0.0, 0.0, 0.0, 0.0, 0.0, 0.0, 0.0, 0.0]"
0.01100840203748216,4,1.0,0.7963034631240935,4.01892522833844,7.163248387267734,0.9125582660947528,12,224,224,"[1.0, 1.0, 1.0, 1.0, 1.0, 0.0, 0.0, 0.0, 0.0, 0.0, 0.0, 0.0, 0.0, 0.0, 0.0, 0.0, 0.0, 0.0, 0.0, 0.0]"
0.01131999673746023,5,1.0,0.8058441103746493,4.404895591747715,7.163248387267734,0.9228262230753899,14,224,224,"[1.0, 1.0, 1.0, 1.0, 1.0, 0.0, 0.0, 0.0, 0.0, 0.0, 0.0, 0.0, 0.0, 0.0, 0.0, 0.0, 0.0, 0.0, 0.0, 0.0]"
0.01131999673746023,5,1.0,0.8149300761796809,4.706960609533446,7.163248387267734,0.92868705590566,14,224,224,"[1.0, 1.0, 1.0, 1.0, 1.0, 0.0, 0.0, 0.0, 0.0, 0.0, 0.0, 0.0, 0.0, 0.0, 0.0, 0.0, 0.0, 0.0, 0.0, 0.0]"
0.01131999673746023,5,1.0,0.8262018145124117,4.947714570241686,7.163248387267734,0.9358178019523621,15,224,224,"[1.0, 1.0, 1.0, 1.0, 1.0, 0.0, 0.0, 0.0, 0.0, 0.0, 0.0, 0.0, 0.0, 0.0, 0.0, 0.0, 0.0, 0.0, 0.0, 0.0]"
0.01131999673746023,5,1.0,0.831554056387959,5.143790394235148,7.163248387267734,0.935301049189134,33,224,224,"[1.0, 1.0, 1.0, 1.0, 1.0, 0.0, 0.0, 0.0, 0.0, 0.0, 0.0, 0.0, 0.0, 0.0, 0.0, 0.0, 0.0, 0.0, 0.0, 0.0]"
0.016804851811249164,6,1.0,0.8344226631025472,5.307089568315866,7.163248387267734,0.9406143029530843,15,224,224,"[1.0, 1.0, 1.0, 1.0, 1.0, 0.0, 0.0, 0.0, 0.0, 0.0, 0.0, 0.0, 0.0, 0.0, 0.0, 0.0, 0.0, 0.0, 0.0, 0.0]"
0.017675754738927185,7,1.0,0.8399824639925589,5.4462886444033005,7.163248387267734,0.9398506742257339,33,224,224,"[1.0, 1.0, 1.0, 1.0, 1.0, 0.0, 0.0, 0.0, 0.0, 0.0, 0.0, 0.0, 0.0, 0.0, 0.0, 0.0, 0.0, 0.0, 0.0, 0.0]"
0.017825260597325844,8,1.0,0.8318558526358434,5.569286855509271,7.168263599886896,0.9359590496335711,15,224,224,"[1.0, 1.0, 1.0, 1.0, 1.0, 0.0, 0.0, 0.0, 0.0, 0.0, 0.0, 0.0, 0.0, 0.0, 0.0, 0.0, 0.0, 0.0, 0.0, 0.0]"
0.017825260597325844,8,0.9333333333333333,0.7763987957934538,5.673939393535702,7.168263599886896,0.9260653614997864,14,224,224,"[1.0, 1.0, 1.0, 1.0, 1.0, 0.0, 0.0, 0.0, 0.0, 0.0, 0.0, 0.0, 0.0, 0.0, 0.0, 0.0, 0.0, 0.0, 0.0, 0.0]"
0.017859681623383035,9,0.9375,0.7869166820361796,5.764930172161692,7.168263599886896,0.9306847117841244,33,224,224,"[1.0, 1.0, 1.0, 1.0, 1.0, 0.0, 0.0, 0.0, 0.0, 0.0, 0.0, 0.0, 0.0, 0.0, 0.0, 0.0, 0.0, 0.0, 0.0, 0.0]"
0.018470515036970083,10,0.9411764705882353,0.7953031244572082,5.845371758944617,7.168263599886896,0.9346112924463609,15,224,224,"[1.0, 1.0, 1.0, 1.0, 1.0, 0.0, 0.0, 0.0, 0.0, 0.0, 0.0, 0.0, 0.0, 0.0, 0.0, 0.0, 0.0, 0.0, 0.0, 0.0]"
0.018470515036970083,10,0.9444444444444444,0.8038989466971453,5.914520941882841,7.168263599886896,0.9382320808039771,14,224,224,"[1.0, 1.0, 1.0, 1.0, 1.0, 0.0, 0.0, 0.0, 0.0, 0.0, 0.0, 0.0, 0.0, 0.0, 0.0, 0.0, 0.0, 0.0, 0.0, 0.0]"
0.018470515036970083,10,0.9473684210526315,0.8102016056098087,5.979342160829934,7.168263599886896,0.9413665376211467,14,224,224,"[1.0, 1.0, 1.0, 1.0, 1.0, 0.0, 0.0, 0.0, 0.0, 0.0, 0.0, 0.0, 0.0, 0.0, 0.0, 0.0, 0.0, 0.0, 0.0, 0.0]"
0.018556997220561713,11,0.95,0.8138747760491689,6.036200833895274,7.168263599886896,0.9438441246747971,14,224,224,"[1.0, 1.0, 1.0, 1.0, 1.0, 0.0, 0.0, 0.0, 0.0, 0.0, 0.0, 0.0, 0.0, 0.0, 0.0, 0.0, 0.0, 0.0, 0.0, 0.0]"
0.018556997220561713,11,0.9523809523809523,0.817981982447956,6.088471731232808,7.168263599886896,0.9462054598899114,15,224,224,"[1.0, 1.0, 1.0, 1.0, 1.0, 0.0, 0.0, 0.0, 0.0, 0.0, 0.0, 0.0, 0.0, 0.0, 0.0, 0.0, 0.0, 0.0, 0.0, 0.0]"
0.018591318869234208,12,0.9545454545454546,0.8123688426245042,6.134209809535364,7.168263599886896,0.9361676953055642,14,224,224,"[1.0, 1.0, 1.0, 1.0, 1.0, 0.0, 0.0, 0.0, 0.0, 0.0, 0.0, 0.0, 0.0, 0.0, 0.0, 0.0, 0.0, 0.0, 0.0, 0.0]"
0.018654365737329086,13,0.9565217391304348,0.8157725523599391,6.178858246520573,7.168263599886896,0.9357642842375714,15,224,224,"[1.0, 1.0, 1.0, 1.0, 1.0, 0.0, 0.0, 0.0, 0.0, 0.0, 0.0, 0.0, 0.0, 0.0, 0.0, 0.0, 0.0, 0.0, 0.0, 0.0]"
0.018654365737329086,13,0.9583333333333334,0.8209978947705161,6.219040085016679,7.168263599886896,0.9384399230281512,15,224,224,"[1.0, 1.0, 1.0, 1.0, 1.0, 0.0, 0.0, 0.0, 0.0, 0.0, 0.0, 0.0, 0.0, 0.0, 0.0, 0.0, 0.0, 0.0, 0.0, 0.0]"
0.01894598299398171,14,0.96,0.82377298942463,6.255583806121645,7.168263599886896,0.940839307308197,15,224,224,"[1.0, 1.0, 1.0, 1.0, 1.0, 0.0, 0.0, 0.0, 0.0, 0.0, 0.0, 0.0, 0.0, 0.0, 0.0, 0.0, 0.0, 0.0, 0.0, 0.0]"
0.01894598299398171,14,0.9615384615384616,0.8248306942657384,6.289292151727251,7.168263599886896,0.9425979462953714,13,224,224,"[1.0, 1.0, 1.0, 1.0, 1.0, 0.0, 0.0, 0.0, 0.0, 0.0, 0.0, 0.0, 0.0, 0.0, 0.0, 0.0, 0.0, 0.0, 0.0, 0.0]"
0.01894598299398171,14,0.9629629629629629,0.8283375770468491,6.318916548310197,7.168263599886896,0.9447235420898155,15,224,224,"[1.0, 1.0, 1.0, 1.0, 1.0, 0.0, 0.0, 0.0, 0.0, 0.0, 0.0, 0.0, 0.0, 0.0, 0.0, 0.0, 0.0, 0.0, 0.0, 0.0]"
0.01894598299398171,14,0.9642857142857143,0.8287157492179303,6.3483617473997525,7.168263599886896,0.9463158952338355,15,224,224,"[1.0, 1.0, 1.0, 1.0, 1.0, 0.0, 0.0, 0.0, 0.0, 0.0, 0.0, 0.0, 0.0, 0.0, 0.0, 0.0, 0.0, 0.0, 0.0, 0.0]"
0.01894598299398171,14,0.9655172413793104,0.8311482086373331,6.37625986487531,7.168263599886896,0.9479673422616104,14,224,224,"[1.0, 1.0, 1.0, 1.0, 1.0, 0.0, 0.0, 0.0, 0.0, 0.0, 0.0, 0.0, 0.0, 0.0, 0.0, 0.0, 0.0, 0.0, 0.0, 0.0]"
